Delivery_person_ID,Delivery_person_Age,Delivery_person_Ratings,City,Time_Ordered,Time_Order_picked,Time_taken(min)
INDORES13DEL02,37,4.9,3,11:30,11:45,24.0
BANGRES18DEL02,34,4.5,1,19:45,19:50,33.0
BANGRES18DEL01,37,4.4,1,13:50,13:55,42.0
HYDRES13DEL02,28,4.9,3,10:60,11:15,19.0
RANCHIRES07DEL01,37,4.6,1,23:50,23:60,25.0
BANGRES02DEL02,20,4.7,1,17:60,18:10,14.0
ALHRES13DEL02,32,4.8,4,22:15,22:25,29.0
COIMBRES09DEL01,34,5.0,3,18:30,18:45,22.0
KNPRES04DEL03,37,4.6,1,17:50,17:60,28.0
JAPRES11DEL01,24,4.8,3,13:20,13:25,12.0
BANGRES19DEL01,23,4.4,3,8:30,8:45,26.0
VADRES05DEL01,23,4.2,3,18:50,18:55,35.0
COIMBRES010DEL03,34,4.8,1,23:55,23:60,27.0
PUNERES17DEL03,22,4.7,4,23:35,23:40,22.0
VADRES04DEL03,21,5.0,1,17:35,17:45,20.0
JAPRES08DEL03,27,4.9,1,22:25,22:30,29.0
JAPRES13DEL03,29,4.7,1,23:15,23:30,14.0
DEHRES010DEL01,20,4.9,3,22:25,22:30,15.0
HYDRES02DEL01,35,4.3,4,14:55,14:60,34.0
MYSRES13DEL02,38,4.6,3,22:10,22:20,18.0
CHENRES16DEL03,29,4.9,1,17:45,17:60,14.0
SURRES13DEL01,28,4.6,1,15:50,15:55,27.0
RANCHIRES02DEL02,32,4.5,1,17:25,17:40,26.0
LUDHRES09DEL02,29,4.9,3,23:55,24:05,10.0
RANCHIRES010DEL03,0,,1,,19:15,15.0
SURRES18DEL03,39,4.6,3,19:35,19:50,28.0
INDORES09DEL02,32,5.0,1,17:50,17:55,20.0
HYDRES12DEL03,21,4.9,1,17:50,17:55,23.0
HYDRES17DEL01,27,4.7,1,19:20,19:30,28.0
JAPRES19DEL02,33,4.8,1,17:30,17:35,27.0
LUDHRES08DEL03,29,4.7,1,18:55,19:05,28.0
MYSRES04DEL02,31,4.6,1,23:35,23:45,22.0
BANGRES06DEL01,35,4.6,3,9:30,9:45,25.0
AURGRES16DEL01,22,4.8,3,17:25,17:30,23.0
COIMBRES04DEL02,23,4.6,3,20:45,20:50,23.0
COIMBRES17DEL02,22,4.7,3,19:40,19:50,26.0
BANGRES09DEL01,21,4.8,1,16:25,16:40,23.0
BANGRES010DEL03,27,4.7,1,18:20,18:25,21.0
SURRES09DEL01,27,4.8,1,10:10,10:25,16.0
SURRES06DEL03,28,4.7,1,23:35,23:45,24.0
BANGRES12DEL02,37,4.9,1,18:25,18:30,18.0
RANCHIRES07DEL02,31,4.7,3,19:60,20:15,46.0
RANCHIRES16DEL01,30,4.7,1,15:60,16:15,26.0
SURRES16DEL03,29,4.8,1,17:35,17:45,28.0
SURRES20DEL01,27,5.0,1,17:30,17:35,26.0
AGRRES010DEL03,30,4.7,3,22:10,22:20,15.0
VADRES09DEL03,26,4.8,1,21:20,21:25,29.0
MYSRES11DEL02,27,4.8,3,18:55,19:05,19.0
INDORES20DEL01,26,4.7,1,20:25,20:40,45.0
JAPRES19DEL03,31,4.5,1,21:10,21:25,43.0
SURRES11DEL03,20,4.9,3,23:20,23:30,21.0
CHENRES18DEL02,26,5.0,1,21:10,21:15,23.0
VADRES02DEL02,38,3.9,1,19:10,19:20,41.0
VADRES12DEL01,39,4.8,1,13:30,13:40,15.0
BHPRES08DEL03,28,4.6,4,23:35,23:45,11.0
SURRES02DEL03,34,4.8,3,20:40,20:55,31.0
CHENRES01DEL03,22,5.0,1,23:25,23:40,20.0
MUMRES08DEL01,25,4.8,1,9:60,10:10,19.0
VADRES07DEL01,35,3.9,1,17:25,17:35,34.0
MYSRES02DEL01,31,4.8,1,16:25,16:30,21.0
MUMRES20DEL02,26,4.7,1,10:20,10:30,18.0
BANGRES15DEL03,33,4.6,1,18:50,18:55,28.0
SURRES19DEL03,38,5.0,1,19:60,20:10,32.0
BANGRES15DEL03,23,4.7,3,17:45,17:50,12.0
COIMBRES16DEL01,23,4.7,3,10:25,10:40,12.0
RANCHIRES13DEL01,36,4.9,3,16:15,16:25,34.0
RANCHIRES07DEL02,36,4.9,1,22:55,23:10,29.0
RANCHIRES19DEL03,25,4.8,1,18:60,19:15,24.0
RANCHIRES20DEL01,24,5.0,1,17:15,17:20,44.0
HYDRES01DEL01,34,4.4,1,19:60,20:05,44.0
JAPRES19DEL03,22,4.7,1,21:15,21:30,20.0
RANCHIRES18DEL03,37,4.8,1,22:15,22:20,12.0
LUDHRES04DEL03,21,4.9,1,18:55,19:10,19.0
MYSRES16DEL01,20,4.9,1,21:45,21:55,33.0
VADRES01DEL02,0,,1,9:30,9:45,24.0
VADRES13DEL03,37,4.9,3,21:30,21:40,23.0
JAPRES17DEL02,28,4.9,1,8:15,8:30,17.0
PUNERES16DEL02,38,4.7,1,10:25,10:40,20.0
VADRES14DEL02,26,4.8,1,8:30,8:35,18.0
CHENRES17DEL03,25,4.8,1,22:40,22:50,21.0
VADRES16DEL02,20,4.7,1,18:25,18:40,16.0
HYDRES19DEL01,20,4.7,1,15:30,15:45,10.0
HYDRES02DEL03,25,4.7,1,18:60,19:05,15.0
HYDRES06DEL02,28,4.9,1,10:20,10:30,14.0
RANCHIRES02DEL03,30,4.9,1,21:10,21:15,30.0
KNPRES13DEL01,0,,1,,19:35,38.0
JAPRES16DEL03,24,4.9,3,22:45,22:55,23.0
COIMBRES13DEL03,35,5.0,1,19:55,20:10,33.0
MUMRES13DEL02,21,4.5,1,17:45,17:50,36.0
SURRES07DEL02,32,4.8,1,20:15,20:20,15.0
COIMBRES17DEL02,24,4.1,1,10:15,10:25,16.0
COIMBRES010DEL02,20,4.8,1,22:30,22:35,27.0
CHENRES19DEL01,27,4.0,1,13:30,13:40,33.0
PUNERES20DEL02,23,4.8,3,21:50,21:55,21.0
MYSRES14DEL03,20,4.8,1,18:20,18:25,21.0
SURRES02DEL01,32,4.0,1,15:50,15:55,32.0
PUNERES18DEL02,28,4.9,3,17:20,17:30,29.0
PUNERES010DEL03,25,4.2,1,20:45,20:50,35.0
COIMBRES11DEL03,31,3.4,3,23:45,23:50,31.0
RANCHIRES010DEL03,20,5.0,1,21:60,22:05,41.0
COIMBRES13DEL02,38,4.7,1,17:60,18:10,21.0
BANGRES15DEL02,31,4.8,1,22:15,22:25,24.0
JAPRES07DEL02,36,4.8,1,18:15,18:20,36.0
SURRES07DEL01,30,4.7,1,22:25,22:30,24.0
ALHRES11DEL02,32,4.9,3,17:50,17:60,48.0
MUMRES20DEL02,24,4.1,1,20:35,20:50,39.0
COIMBRES15DEL01,28,4.8,1,9:35,9:50,18.0
AURGRES01DEL01,26,4.6,1,11:30,11:35,22.0
ALHRES12DEL02,23,4.7,1,21:30,21:45,33.0
SURRES04DEL03,28,4.8,1,19:50,20:05,19.0
BANGRES15DEL02,35,4.8,1,23:55,24:10,18.0
CHENRES01DEL02,30,5.0,1,21:30,21:35,25.0
HYDRES06DEL01,34,5.0,1,11:35,11:40,33.0
JAPRES010DEL03,27,4.4,1,17:35,17:45,32.0
PUNERES05DEL03,29,4.6,1,20:35,20:50,20.0
RANCHIRES19DEL03,0,,3,,24:10,12.0
KNPRES14DEL02,37,4.6,1,19:20,19:35,24.0
SURRES14DEL01,36,5.0,1,21:30,21:35,44.0
MYSRES16DEL03,31,4.4,1,18:20,18:25,44.0
VADRES05DEL01,30,4.8,1,23:60,24:15,20.0
VADRES03DEL01,24,4.3,1,19:15,19:25,34.0
INDORES03DEL03,39,4.6,1,22:60,23:05,16.0
RANCHIRES14DEL03,25,4.9,3,21:60,22:15,25.0
MYSRES15DEL01,37,4.3,3,13:40,13:45,36.0
INDORES03DEL02,31,5.0,1,18:15,18:20,32.0
RANCHIRES01DEL01,22,4.8,1,19:30,19:35,28.0
VADRES12DEL03,22,4.9,3,19:50,19:55,22.0
BANGRES06DEL01,34,3.5,1,17:15,17:20,38.0
KOLRES16DEL02,27,4.9,1,17:20,17:25,26.0
KOCRES12DEL01,34,4.1,1,20:10,20:25,48.0
RANCHIRES16DEL03,24,4.6,1,22:35,22:45,19.0
CHENRES03DEL02,29,4.6,1,11:55,12:05,22.0
LUDHRES11DEL03,25,4.9,1,18:15,18:20,31.0
PUNERES06DEL02,36,4.4,3,21:25,21:40,51.0
RANCHIRES14DEL01,24,4.5,3,18:55,19:05,30.0
SURRES12DEL01,33,4.7,4,10:40,10:45,24.0
HYDRES04DEL01,22,4.8,1,11:10,11:15,22.0
BANGRES08DEL03,20,4.9,1,20:50,21:05,19.0
JAPRES20DEL01,37,4.3,1,22:35,22:40,43.0
COIMBRES01DEL03,22,4.7,1,17:35,17:40,12.0
LUDHRES06DEL02,25,4.5,1,21:35,21:50,19.0
AGRRES010DEL01,38,4.7,3,22:45,22:50,28.0
INDORES16DEL02,29,4.2,1,10:10,10:25,21.0
CHENRES16DEL02,20,4.9,3,21:30,21:45,21.0
PUNERES05DEL03,21,4.7,1,20:20,20:25,13.0
MYSRES02DEL01,27,4.7,1,8:40,8:45,14.0
MYSRES09DEL01,35,4.8,1,23:40,23:50,28.0
CHENRES09DEL03,35,4.9,3,23:10,23:25,18.0
BANGRES20DEL01,23,5.0,1,17:45,17:60,26.0
KOCRES010DEL01,30,4.8,3,22:40,22:45,28.0
AURGRES05DEL03,28,4.6,3,21:40,21:50,28.0
MYSRES15DEL01,31,4.0,1,19:45,19:55,40.0
MYSRES20DEL01,32,4.8,1,23:35,23:40,20.0
VADRES13DEL02,34,4.6,1,20:55,21:10,33.0
COIMBRES03DEL02,37,4.9,1,22:15,22:30,25.0
KOLRES02DEL03,39,5.0,1,22:60,23:05,28.0
RANCHIRES05DEL02,35,4.8,1,8:45,8:50,27.0
INDORES010DEL03,33,4.7,1,17:45,17:50,17.0
SURRES01DEL01,33,4.4,1,20:15,20:30,43.0
HYDRES13DEL02,32,4.9,1,22:30,22:35,25.0
PUNERES15DEL02,33,4.8,3,20:20,20:35,44.0
ALHRES17DEL03,37,4.8,1,17:60,18:15,32.0
VADRES07DEL01,27,4.7,1,21:50,22:05,41.0
MUMRES03DEL03,24,4.8,3,21:35,21:50,18.0
BANGRES02DEL01,34,4.6,1,14:10,14:15,36.0
MYSRES20DEL02,21,4.4,1,20:40,20:55,38.0
JAPRES01DEL03,27,4.7,3,19:35,19:40,34.0
SURRES09DEL02,35,5.0,1,23:15,23:30,16.0
HYDRES03DEL01,35,4.4,1,21:10,21:25,32.0
MUMRES18DEL02,31,4.1,3,9:45,9:50,32.0
CHENRES13DEL02,34,4.7,1,18:45,18:50,30.0
SURRES04DEL03,21,4.5,3,19:10,19:15,14.0
SURRES01DEL03,29,4.7,1,23:10,23:20,15.0
VADRES14DEL01,30,4.7,4,16:45,16:60,15.0
GOARES13DEL01,30,4.8,1,14:50,14:60,21.0
CHENRES08DEL02,35,4.4,1,8:35,8:50,26.0
INDORES03DEL01,32,4.4,3,22:60,23:15,41.0
BANGRES06DEL01,27,5.0,3,10:15,10:25,10.0
VADRES18DEL02,21,4.6,1,19:50,19:55,27.0
MUMRES06DEL01,39,4.7,1,14:40,14:45,23.0
JAPRES17DEL02,33,4.8,1,19:45,19:60,31.0
CHENRES15DEL03,37,4.3,1,20:35,20:50,46.0
INDORES02DEL01,35,4.9,1,8:35,8:40,25.0
PUNERES010DEL02,24,4.9,1,19:60,20:15,27.0
SURRES14DEL02,27,4.5,3,17:25,17:30,21.0
VADRES010DEL03,35,4.6,1,22:40,22:55,17.0
BANGRES04DEL02,0,,1,,20:40,31.0
MYSRES08DEL02,25,4.6,3,18:60,19:10,25.0
PUNERES14DEL02,0,,1,,18:30,21.0
PUNERES19DEL02,37,3.5,1,23:25,23:35,35.0
JAPRES01DEL02,21,4.9,3,22:15,22:20,20.0
BHPRES19DEL01,34,4.2,1,12:15,12:20,37.0
RANCHIRES010DEL02,31,4.6,1,18:15,18:25,21.0
MYSRES19DEL02,35,4.5,1,23:20,23:30,15.0
RANCHIRES07DEL01,20,4.8,1,18:50,18:60,35.0
HYDRES02DEL02,20,4.5,3,18:50,18:60,38.0
RANCHIRES18DEL01,23,4.6,1,21:55,21:60,34.0
COIMBRES05DEL02,33,4.0,1,20:45,20:50,51.0
VADRES05DEL01,39,4.8,3,13:45,13:50,30.0
MYSRES08DEL01,36,4.9,1,21:10,21:15,25.0
MUMRES010DEL01,36,4.6,1,22:35,22:50,23.0
HYDRES19DEL01,30,4.5,1,19:15,19:25,21.0
DEHRES13DEL03,23,4.9,1,19:10,19:15,26.0
PUNERES17DEL01,34,4.7,1,23:15,23:30,39.0
VADRES06DEL02,24,4.8,3,21:10,21:15,47.0
SURRES19DEL02,38,4.6,1,23:20,23:25,28.0
COIMBRES010DEL02,24,4.7,1,22:35,22:40,18.0
VADRES03DEL01,24,4.5,1,9:25,9:40,19.0
CHENRES20DEL03,27,4.8,1,20:50,20:55,20.0
MUMRES09DEL01,31,4.6,1,14:20,14:30,30.0
MUMRES03DEL01,30,4.6,1,16:35,16:45,26.0
MYSRES16DEL02,34,4.9,1,23:60,24:15,11.0
JAPRES07DEL03,31,4.5,3,20:20,20:30,29.0
MUMRES12DEL02,28,4.9,3,17:20,17:25,17.0
CHENRES07DEL02,34,4.9,1,18:40,18:50,23.0
PUNERES15DEL03,22,4.7,1,21:40,21:50,31.0
SURRES20DEL02,30,4.8,1,22:45,22:60,27.0
INDORES20DEL01,36,4.3,3,14:60,15:15,39.0
JAPRES04DEL03,35,4.6,1,19:50,19:55,26.0
RANCHIRES12DEL01,38,3.9,1,23:55,23:60,39.0
KOLRES02DEL03,30,4.7,1,17:45,17:60,25.0
BANGRES18DEL01,0,,1,,14:50,32.0
PUNERES20DEL02,33,3.6,3,23:50,24:05,36.0
MYSRES010DEL01,31,5.0,1,20:20,20:30,29.0
PUNERES20DEL03,31,4.9,4,17:55,17:60,20.0
MUMRES09DEL01,27,4.6,1,12:10,12:15,20.0
JAPRES07DEL02,23,4.8,1,11:40,11:45,34.0
AURGRES010DEL03,25,4.8,1,19:40,19:45,23.0
VADRES18DEL03,37,4.5,1,20:35,20:50,44.0
RANCHIRES13DEL02,28,4.6,1,10:25,10:35,18.0
INDORES18DEL02,34,4.7,3,21:25,21:35,33.0
RANCHIRES01DEL01,20,4.7,1,23:30,23:40,28.0
MYSRES19DEL02,39,4.9,1,17:20,17:35,38.0
KOLRES07DEL03,23,4.1,4,21:20,21:30,36.0
CHENRES02DEL03,38,4.4,3,20:55,21:10,32.0
COIMBRES04DEL01,31,3.7,1,18:15,18:30,34.0
ALHRES14DEL02,36,4.3,1,20:45,20:50,35.0
KOLRES01DEL03,30,4.1,3,20:30,20:35,34.0
LUDHRES15DEL02,20,4.5,3,20:35,20:40,16.0
VADRES05DEL02,31,4.7,1,21:25,21:40,25.0
VADRES01DEL01,33,4.4,3,11:45,11:50,32.0
MUMRES03DEL02,27,4.7,1,18:10,18:20,23.0
LUDHRES09DEL01,31,3.8,1,22:55,23:10,35.0
MUMRES13DEL02,31,4.5,1,8:25,8:30,22.0
VADRES18DEL03,37,4.6,3,22:15,22:20,20.0
DEHRES17DEL01,38,4.9,1,15:35,15:40,18.0
MYSRES05DEL02,25,4.1,3,23:55,24:05,20.0
BANGRES04DEL03,31,4.6,1,20:45,20:55,30.0
RANCHIRES12DEL01,36,4.0,3,23:15,23:30,39.0
RANCHIRES11DEL03,28,4.7,1,18:50,18:60,10.0
RANCHIRES02DEL01,23,4.7,1,23:10,23:25,12.0
BANGRES09DEL03,31,4.8,1,17:25,17:30,26.0
VADRES05DEL02,31,4.7,1,23:20,23:30,41.0
HYDRES08DEL02,37,4.9,3,22:20,22:30,15.0
CHENRES13DEL01,32,4.9,1,14:55,15:05,30.0
BANGRES01DEL03,29,4.9,1,20:25,20:30,25.0
SURRES17DEL01,32,4.6,1,11:40,11:45,28.0
HYDRES010DEL02,32,4.9,1,17:30,17:40,39.0
PUNERES08DEL03,27,4.4,1,20:20,20:30,37.0
RANCHIRES19DEL02,39,4.3,3,17:15,17:20,31.0
CHENRES05DEL02,39,3.7,1,18:20,18:25,34.0
MYSRES15DEL03,38,4.8,1,20:40,20:45,25.0
INDORES20DEL01,31,4.8,1,13:40,13:45,26.0
KOCRES18DEL03,30,4.5,1,23:30,23:45,20.0
SURRES20DEL02,23,4.9,1,22:10,22:15,16.0
INDORES14DEL02,33,4.8,1,22:45,22:50,13.0
PUNERES16DEL02,32,5.0,1,17:60,18:15,21.0
HYDRES17DEL02,36,4.6,1,11:35,11:45,30.0
BANGRES12DEL03,0,,1,,18:25,31.0
BANGRES01DEL01,37,4.1,1,13:15,13:25,43.0
RANCHIRES13DEL01,39,4.5,1,14:15,14:20,28.0
CHENRES16DEL01,33,4.9,3,22:40,22:45,28.0
MUMRES010DEL01,26,4.6,1,17:45,17:60,18.0
BANGRES04DEL01,24,4.0,1,10:40,10:50,18.0
MYSRES06DEL03,31,4.7,1,18:50,18:55,17.0
VADRES12DEL03,33,3.7,1,20:20,20:30,33.0
MUMRES15DEL02,22,4.8,3,17:20,17:30,10.0
COIMBRES16DEL02,29,4.6,1,18:10,18:15,25.0
MYSRES01DEL03,22,4.9,1,17:40,17:45,24.0
MUMRES01DEL02,26,4.7,1,23:15,23:20,20.0
PUNERES20DEL03,39,4.9,1,23:15,23:20,27.0
BANGRES08DEL03,33,5.0,1,20:40,20:45,38.0
MUMRES08DEL02,25,4.9,1,8:15,8:25,14.0
BANGRES05DEL01,38,4.6,1,23:15,23:20,25.0
INDORES06DEL03,31,4.4,1,19:55,20:05,33.0
MUMRES14DEL02,37,4.8,3,8:10,8:25,15.0
CHENRES16DEL02,23,4.7,1,23:55,24:10,22.0
INDORES19DEL03,35,4.8,3,18:30,18:35,31.0
SURRES18DEL02,35,4.5,1,11:20,11:35,29.0
INDORES11DEL02,32,4.3,1,9:55,10:10,22.0
HYDRES07DEL02,29,4.9,1,23:15,23:30,19.0
SURRES03DEL01,35,4.0,1,20:15,20:30,34.0
BANGRES01DEL02,29,4.5,1,9:20,9:25,20.0
INDORES06DEL02,21,4.3,1,9:50,9:60,29.0
SURRES09DEL01,26,4.8,1,9:30,9:35,18.0
PUNERES03DEL01,32,4.9,1,11:35,11:40,22.0
INDORES03DEL02,21,4.9,3,18:50,18:60,15.0
BANGRES12DEL03,39,4.8,3,18:40,18:55,25.0
PUNERES12DEL02,32,4.9,3,18:50,18:60,27.0
HYDRES12DEL02,20,4.9,1,8:35,8:45,12.0
INDORES12DEL01,33,4.7,1,13:55,14:10,34.0
MYSRES19DEL02,38,4.4,4,10:50,10:55,23.0
COIMBRES09DEL03,22,4.8,1,19:55,20:10,17.0
INDORES15DEL03,33,4.0,1,19:50,19:55,31.0
BANGRES05DEL02,38,4.7,1,18:20,18:25,26.0
RANCHIRES16DEL02,29,4.7,1,18:20,18:25,15.0
HYDRES14DEL01,34,4.7,1,20:50,21:05,15.0
PUNERES18DEL01,22,4.5,1,23:45,23:60,23.0
JAPRES15DEL01,21,4.8,1,22:40,22:45,18.0
BHPRES18DEL02,36,4.9,1,18:30,18:40,48.0
MYSRES06DEL02,30,4.2,1,21:40,21:55,35.0
KOLRES17DEL01,37,4.8,3,15:15,15:30,33.0
INDORES14DEL02,37,5.0,3,20:35,20:50,23.0
VADRES08DEL02,31,4.9,1,18:30,18:40,33.0
BANGRES05DEL02,28,4.8,4,22:25,22:40,18.0
COIMBRES01DEL03,30,4.8,3,22:20,22:35,17.0
INDORES04DEL01,35,4.9,1,22:45,22:55,30.0
VADRES02DEL01,22,4.6,3,8:20,8:25,11.0
SURRES02DEL01,36,4.4,1,17:55,17:60,40.0
MUMRES05DEL03,35,4.3,1,20:45,20:50,33.0
MYSRES11DEL03,33,4.8,1,21:15,21:30,31.0
ALHRES06DEL02,26,4.7,3,20:55,20:60,18.0
MUMRES20DEL03,27,5.0,1,20:45,20:60,29.0
KOCRES09DEL01,31,4.9,3,19:60,20:10,44.0
HYDRES11DEL01,35,4.5,1,13:50,14:05,28.0
CHENRES05DEL01,37,4.0,1,19:15,19:20,47.0
COIMBRES01DEL02,33,4.1,1,17:55,18:10,34.0
JAPRES14DEL01,23,4.6,1,15:60,16:05,17.0
JAPRES03DEL01,32,4.8,1,18:45,18:55,33.0
COIMBRES19DEL02,21,4.7,1,8:50,9:05,18.0
AGRRES12DEL03,33,4.6,1,21:10,21:25,21.0
MUMRES12DEL01,27,4.8,1,12:60,13:15,19.0
MYSRES07DEL01,36,4.7,1,16:35,16:40,16.0
VADRES19DEL02,21,4.6,3,9:50,9:60,15.0
MYSRES19DEL03,27,4.1,1,19:30,19:40,33.0
RANCHIRES010DEL01,30,4.6,1,22:20,22:30,20.0
MYSRES02DEL02,20,4.6,1,20:40,20:55,38.0
PUNERES08DEL02,27,4.6,1,21:50,21:60,18.0
COIMBRES05DEL01,35,4.2,3,19:55,20:05,31.0
HYDRES17DEL03,25,4.2,1,19:25,19:40,51.0
COIMBRES14DEL01,37,3.7,1,20:15,20:30,33.0
JAPRES08DEL02,20,4.5,3,20:55,20:60,21.0
MYSRES03DEL02,27,4.6,3,23:20,23:30,21.0
VADRES04DEL02,25,4.9,1,10:15,10:30,16.0
JAPRES06DEL02,24,5.0,1,20:30,20:35,26.0
RANCHIRES15DEL02,24,4.9,1,11:60,12:15,10.0
CHENRES20DEL03,27,5.0,3,22:20,22:30,13.0
CHENRES17DEL03,23,4.7,1,22:30,22:45,19.0
MYSRES19DEL02,30,4.5,1,23:55,24:05,32.0
COIMBRES09DEL02,28,4.9,3,22:20,22:35,15.0
COIMBRES010DEL01,36,4.6,3,17:10,17:15,24.0
INDORES16DEL02,34,4.6,1,8:45,8:50,21.0
HYDRES17DEL02,22,4.8,3,10:55,11:05,15.0
CHENRES010DEL01,27,4.9,1,11:40,11:55,32.0
KNPRES19DEL01,28,4.9,3,23:40,23:50,15.0
PUNERES20DEL03,34,4.8,1,21:10,21:20,17.0
CHENRES09DEL02,26,4.8,1,11:35,11:40,27.0
INDORES16DEL02,24,4.7,3,21:15,21:20,22.0
HYDRES06DEL03,32,4.6,1,20:35,20:50,40.0
HYDRES18DEL02,31,4.7,1,18:10,18:25,30.0
JAPRES11DEL02,37,4.9,3,23:45,23:50,37.0
AGRRES12DEL03,29,4.6,1,20:35,20:40,27.0
HYDRES15DEL03,25,4.8,4,23:35,23:40,10.0
JAPRES03DEL02,21,4.8,1,22:40,22:50,17.0
KNPRES16DEL02,0,,1,,22:50,24.0
HYDRES18DEL02,29,4.9,1,20:55,21:05,20.0
MUMRES04DEL03,0,,1,,20:50,36.0
MUMRES01DEL03,20,4.6,3,20:35,20:40,22.0
RANCHIRES03DEL02,28,4.8,4,9:45,9:50,10.0
DEHRES06DEL03,22,3.3,1,22:60,23:05,37.0
AURGRES05DEL03,37,4.1,1,23:20,23:35,26.0
RANCHIRES19DEL01,35,4.9,1,15:20,15:30,28.0
RANCHIRES15DEL03,0,,1,,18:35,33.0
JAPRES03DEL02,26,4.6,1,22:35,22:40,16.0
JAPRES01DEL01,26,4.8,1,13:15,13:20,14.0
SURRES16DEL01,21,4.5,4,9:45,9:50,14.0
DEHRES20DEL02,37,3.7,1,19:60,20:05,39.0
COIMBRES03DEL01,29,5.0,1,12:10,12:25,24.0
VADRES07DEL01,38,4.2,1,21:35,21:50,35.0
PUNERES04DEL01,23,4.7,1,19:30,19:40,14.0
JAPRES16DEL03,23,4.1,1,19:55,19:60,34.0
CHENRES18DEL02,35,4.9,1,8:40,8:50,29.0
COIMBRES15DEL02,26,4.7,1,17:45,17:55,26.0
INDORES20DEL02,23,4.8,3,17:30,17:40,25.0
INDORES08DEL01,26,4.2,1,13:20,13:30,53.0
RANCHIRES15DEL01,33,4.4,1,17:15,17:30,44.0
COIMBRES07DEL03,25,4.8,3,18:35,18:45,23.0
VADRES16DEL03,38,4.7,1,18:60,19:15,27.0
BANGRES17DEL01,28,4.8,3,15:60,16:10,19.0
COIMBRES18DEL03,34,4.9,1,23:30,23:40,22.0
VADRES11DEL01,27,4.5,3,14:40,14:45,27.0
MUMRES04DEL01,25,4.9,3,9:25,9:40,20.0
SURRES13DEL02,22,3.8,3,19:30,19:35,40.0
COIMBRES07DEL02,22,5.0,1,21:50,21:60,35.0
BANGRES03DEL01,38,4.5,1,8:50,9:05,20.0
MYSRES05DEL03,32,4.1,1,17:50,17:60,42.0
SURRES16DEL01,31,4.7,1,16:45,16:50,18.0
MUMRES16DEL02,24,4.7,1,17:50,18:05,32.0
KOLRES12DEL02,35,3.8,1,18:55,18:60,33.0
KOCRES19DEL01,23,5.0,1,23:50,24:05,16.0
BANGRES010DEL02,27,4.8,1,19:55,19:60,27.0
LUDHRES11DEL03,39,4.1,2,19:10,19:20,49.0
DEHRES04DEL01,32,4.0,1,20:30,20:40,42.0
BANGRES04DEL02,22,4.9,1,18:20,18:25,19.0
MUMRES01DEL01,36,4.7,1,9:15,9:30,29.0
MUMRES06DEL02,31,4.3,1,20:25,20:40,35.0
COIMBRES19DEL02,24,4.9,3,11:60,12:10,21.0
MUMRES16DEL01,21,4.7,1,22:55,23:05,19.0
JAPRES17DEL01,22,4.2,1,18:35,18:40,39.0
BHPRES07DEL01,24,4.7,3,17:45,17:60,30.0
RANCHIRES20DEL02,34,5.0,1,23:50,23:60,29.0
RANCHIRES14DEL02,0,,1,,19:40,20.0
PUNERES19DEL01,28,4.5,1,19:60,20:10,28.0
JAPRES04DEL01,37,4.9,1,13:15,13:30,26.0
SURRES16DEL02,36,4.8,3,18:20,18:30,19.0
BANGRES11DEL01,35,4.5,3,15:20,15:30,28.0
RANCHIRES02DEL03,25,4.6,1,18:40,18:55,22.0
HYDRES03DEL03,23,4.8,3,20:40,20:55,19.0
MUMRES18DEL01,39,4.8,4,22:50,22:55,20.0
ALHRES17DEL03,31,4.1,1,19:25,19:30,47.0
LUDHRES12DEL02,37,4.7,1,20:40,20:45,27.0
MYSRES07DEL01,31,4.2,1,15:50,15:55,32.0
HYDRES19DEL03,29,4.7,3,19:10,19:15,20.0
VADRES12DEL03,31,4.7,1,18:25,18:35,16.0
MYSRES08DEL02,30,4.9,1,21:35,21:40,44.0
PUNERES06DEL01,29,5.0,3,10:60,11:15,20.0
VADRES11DEL01,32,4.7,1,10:40,10:55,28.0
LUDHRES16DEL01,25,4.6,4,10:10,10:15,13.0
CHENRES010DEL02,35,4.7,1,9:30,9:45,26.0
AURGRES17DEL02,26,4.9,1,21:55,21:60,42.0
MUMRES02DEL02,23,4.6,3,19:25,19:40,12.0
CHENRES08DEL02,30,4.8,3,22:25,22:35,26.0
SURRES04DEL02,0,,1,18:35,18:50,29.0
MYSRES06DEL02,23,4.6,1,19:40,19:55,39.0
PUNERES09DEL02,32,5.0,1,17:25,17:35,17.0
HYDRES12DEL01,26,4.7,3,22:15,22:20,24.0
INDORES010DEL02,0,,1,,10:05,19.0
CHENRES03DEL01,0,,3,,8:55,23.0
BANGRES01DEL01,37,4.6,1,9:20,9:30,27.0
PUNERES06DEL01,21,4.8,1,17:20,17:35,27.0
VADRES02DEL03,33,4.5,1,19:30,19:40,27.0
MUMRES07DEL01,28,4.1,1,20:20,20:35,39.0
MUMRES14DEL01,33,4.9,1,8:15,8:30,25.0
VADRES08DEL01,33,4.9,1,11:55,11:60,26.0
PUNERES12DEL02,25,4.8,1,11:20,11:35,20.0
INDORES18DEL03,31,4.9,1,21:45,21:50,17.0
SURRES08DEL02,0,,3,,24:10,21.0
SURRES19DEL02,31,5.0,1,10:40,10:45,25.0
INDORES14DEL02,39,5.0,1,19:40,19:45,31.0
AGRRES07DEL02,38,4.5,3,21:55,21:60,27.0
MYSRES08DEL02,21,4.2,3,22:55,22:60,25.0
MYSRES12DEL01,27,4.6,1,17:30,17:45,27.0
MUMRES16DEL01,38,5.0,1,11:30,11:35,33.0
SURRES19DEL02,31,4.9,1,18:45,18:55,45.0
VADRES16DEL02,26,4.4,1,11:55,12:10,31.0
BANGRES16DEL01,31,4.8,1,20:45,20:60,23.0
MYSRES20DEL01,34,4.3,3,21:15,21:30,39.0
BANGRES03DEL01,20,4.1,1,18:60,19:10,36.0
BANGRES14DEL02,37,4.6,3,23:55,23:60,26.0
PUNERES01DEL03,20,4.7,1,21:20,21:25,28.0
SURRES09DEL01,21,4.5,1,9:30,9:35,17.0
ALHRES17DEL02,24,4.6,1,20:35,20:40,28.0
RANCHIRES11DEL03,37,4.8,1,22:30,22:45,29.0
DEHRES04DEL01,23,4.8,1,8:25,8:40,17.0
COIMBRES02DEL03,26,4.8,3,20:10,20:25,18.0
SURRES06DEL02,25,4.7,3,21:30,21:45,19.0
KOCRES18DEL01,25,4.6,1,23:15,23:25,24.0
VADRES01DEL03,24,5.0,3,19:45,19:55,19.0
CHENRES06DEL02,31,4.0,1,18:50,19:05,33.0
HYDRES16DEL01,33,4.9,1,19:15,19:20,28.0
JAPRES02DEL03,34,4.2,3,18:25,18:35,31.0
CHENRES11DEL01,31,4.7,1,12:60,13:15,44.0
COIMBRES13DEL03,37,4.7,3,21:45,21:55,27.0
MYSRES18DEL03,36,4.9,1,20:15,20:30,24.0
INDORES09DEL03,21,4.9,1,17:55,18:10,27.0
PUNERES02DEL01,34,4.0,1,18:10,18:25,37.0
SURRES18DEL03,23,4.7,3,20:45,20:55,21.0
INDORES02DEL03,23,4.9,1,22:50,22:60,26.0
SURRES16DEL01,32,4.7,1,23:35,23:40,21.0
BANGRES08DEL02,31,4.6,1,22:30,22:45,19.0
CHENRES08DEL02,38,4.0,1,17:20,17:35,34.0
COIMBRES11DEL01,37,4.8,1,12:15,12:20,30.0
MUMRES03DEL01,22,4.9,1,23:40,23:45,21.0
RANCHIRES15DEL01,36,4.5,1,9:55,10:10,28.0
MUMRES06DEL01,28,4.9,1,15:35,15:50,23.0
MYSRES20DEL03,37,4.9,1,22:55,22:60,29.0
MUMRES16DEL03,0,,1,,19:05,33.0
MUMRES17DEL01,28,4.8,1,10:60,11:15,18.0
SURRES03DEL03,32,4.9,3,20:60,21:05,28.0
INDORES01DEL02,28,4.9,1,22:25,22:30,20.0
HYDRES01DEL01,34,4.4,1,19:10,19:25,49.0
PUNERES03DEL01,25,5.0,1,13:55,14:10,27.0
MUMRES14DEL02,27,4.5,3,23:50,23:55,24.0
SURRES02DEL03,34,4.8,1,23:35,23:45,21.0
CHENRES14DEL03,37,5.0,1,20:15,20:20,25.0
HYDRES11DEL03,33,4.7,1,23:50,24:05,21.0
BANGRES20DEL01,32,4.5,3,13:50,13:60,20.0
JAPRES11DEL03,36,4.1,1,19:50,20:05,35.0
MUMRES13DEL03,21,4.9,1,22:35,22:45,16.0
MYSRES010DEL03,30,3.2,1,23:55,23:60,31.0
MUMRES07DEL03,24,4.7,3,18:55,18:60,24.0
HYDRES06DEL02,36,4.9,1,23:60,24:05,29.0
BHPRES18DEL01,25,5.0,1,15:10,15:25,20.0
MYSRES18DEL02,24,5.0,1,22:50,22:55,11.0
CHENRES05DEL03,33,4.6,3,20:35,20:50,29.0
KOLRES20DEL03,21,4.9,1,18:60,19:15,11.0
RANCHIRES03DEL01,34,4.1,1,13:40,13:50,38.0
INDORES09DEL01,27,4.9,1,23:25,23:30,21.0
HYDRES02DEL02,34,4.8,1,10:15,10:30,18.0
COIMBRES12DEL01,29,4.9,1,19:50,19:55,24.0
LUDHRES17DEL03,0,,1,,19:30,29.0
PUNERES03DEL02,37,4.3,1,21:15,21:30,35.0
AGRRES16DEL01,38,4.4,1,18:35,18:45,38.0
RANCHIRES02DEL03,39,4.7,1,18:10,18:25,24.0
INDORES08DEL01,38,4.5,1,13:20,13:30,30.0
BANGRES08DEL02,34,4.7,3,19:60,20:10,29.0
MUMRES04DEL02,39,4.5,3,22:30,22:35,22.0
SURRES17DEL01,21,4.9,1,14:55,15:05,24.0
DEHRES05DEL02,37,4.2,1,19:30,19:45,45.0
BANGRES19DEL02,35,4.8,1,17:10,17:25,30.0
RANCHIRES01DEL01,34,5.0,1,12:45,12:55,29.0
COIMBRES11DEL01,25,4.3,1,21:40,21:45,34.0
BANGRES08DEL02,27,4.9,1,22:15,22:30,17.0
PUNERES18DEL01,0,,3,,22:45,29.0
GOARES03DEL03,29,4.8,1,21:40,21:50,14.0
INDORES15DEL03,30,3.6,4,17:30,17:35,32.0
COIMBRES18DEL02,30,4.0,1,20:50,20:60,38.0
MYSRES12DEL02,24,4.8,1,23:55,24:05,24.0
VADRES01DEL01,33,4.8,3,17:55,18:10,22.0
PUNERES07DEL01,36,4.6,3,20:40,20:45,27.0
CHENRES010DEL02,30,4.8,1,21:50,21:60,18.0
RANCHIRES20DEL02,29,4.5,1,20:30,20:40,15.0
MYSRES14DEL01,38,4.9,1,19:45,19:55,48.0
JAPRES08DEL02,26,4.8,3,22:45,22:60,14.0
COIMBRES010DEL02,26,4.9,1,19:50,20:05,24.0
GOARES04DEL03,0,,1,,23:10,18.0
MYSRES010DEL02,26,4.9,4,22:35,22:50,17.0
CHENRES11DEL02,37,4.7,3,8:25,8:35,25.0
BANGRES03DEL01,39,4.2,1,17:35,17:50,47.0
JAPRES15DEL01,21,4.5,1,12:55,13:05,29.0
CHENRES17DEL01,23,4.5,1,17:45,17:50,17.0
MUMRES06DEL02,25,4.9,3,17:45,17:60,10.0
CHENRES11DEL03,21,4.9,1,19:10,19:15,48.0
DEHRES08DEL03,36,4.4,1,21:50,21:60,44.0
MUMRES14DEL01,35,4.6,3,18:55,18:60,21.0
RANCHIRES02DEL02,37,4.5,1,9:40,9:55,23.0
COIMBRES18DEL03,20,4.6,1,22:15,22:25,23.0
JAPRES02DEL03,33,4.9,1,22:25,22:35,24.0
RANCHIRES13DEL02,24,4.6,1,11:45,11:60,27.0
VADRES01DEL01,33,4.7,1,11:50,11:55,31.0
AGRRES14DEL01,35,4.7,1,16:25,16:35,27.0
PUNERES13DEL01,35,4.8,1,18:30,18:45,29.0
RANCHIRES14DEL02,39,4.3,1,23:60,24:05,39.0
BANGRES01DEL03,33,4.3,1,20:25,20:30,45.0
MYSRES18DEL03,29,4.6,1,23:25,23:35,18.0
COIMBRES05DEL03,36,4.2,1,21:15,21:25,34.0
VADRES02DEL01,30,4.7,3,12:15,12:25,28.0
VADRES11DEL02,20,4.9,1,20:20,20:25,19.0
PUNERES17DEL01,34,4.3,1,21:10,21:25,44.0
SURRES15DEL03,33,4.6,1,19:55,19:60,26.0
PUNERES12DEL02,32,4.7,1,19:10,19:25,53.0
PUNERES19DEL01,0,,4,,9:05,15.0
VADRES01DEL01,39,4.8,1,21:40,21:45,41.0
BANGRES010DEL01,32,4.8,1,11:45,11:60,24.0
INDORES15DEL01,33,4.9,1,11:15,11:20,34.0
MUMRES02DEL02,37,4.9,1,20:45,20:55,26.0
PUNERES14DEL01,30,4.7,1,8:15,8:25,27.0
MYSRES18DEL01,20,5.0,1,17:15,17:25,11.0
BANGRES11DEL02,35,3.4,1,23:20,23:35,31.0
MUMRES12DEL01,33,4.9,1,21:30,21:40,43.0
AURGRES17DEL02,31,4.8,1,19:30,19:35,47.0
RANCHIRES06DEL02,36,4.8,1,20:40,20:55,25.0
PUNERES03DEL02,34,4.7,1,11:15,11:30,27.0
MUMRES010DEL01,21,4.6,1,21:40,21:50,22.0
MYSRES14DEL03,26,4.8,3,21:35,21:45,19.0
LUDHRES05DEL02,28,4.8,1,17:55,17:60,12.0
CHENRES010DEL02,28,5.0,1,8:55,9:10,15.0
COIMBRES17DEL03,21,4.6,3,17:40,17:50,24.0
AGRRES12DEL02,35,4.1,1,17:15,17:25,32.0
INDORES12DEL01,31,4.7,1,16:25,16:35,28.0
MYSRES15DEL02,33,4.7,1,19:25,19:30,19.0
PUNERES16DEL02,29,4.7,1,8:35,8:45,14.0
SURRES16DEL02,28,5.0,1,23:35,23:45,14.0
SURRES17DEL03,29,4.9,1,20:50,20:55,32.0
HYDRES04DEL01,37,4.9,1,11:25,11:30,33.0
LUDHRES02DEL01,39,4.7,1,12:45,12:60,19.0
AGRRES14DEL03,38,4.4,1,20:15,20:30,38.0
MUMRES14DEL03,24,4.6,1,20:25,20:35,27.0
JAPRES19DEL02,38,4.8,1,21:45,21:55,36.0
BANGRES09DEL03,27,4.8,1,23:50,23:60,18.0
COIMBRES08DEL01,32,4.7,1,8:45,8:60,26.0
BANGRES04DEL01,28,4.7,1,19:30,19:35,24.0
RANCHIRES15DEL01,34,4.5,3,9:45,9:60,24.0
RANCHIRES16DEL01,36,4.2,1,22:25,22:35,33.0
CHENRES19DEL02,0,,1,,18:15,19.0
JAPRES12DEL03,29,4.9,1,19:45,19:50,30.0
VADRES17DEL01,50,6.0,1,,21:55,48.0
COIMBRES16DEL03,38,4.8,1,22:45,22:55,19.0
VADRES12DEL03,0,,1,,19:45,22.0
SURRES07DEL01,23,4.6,1,19:30,19:45,30.0
AGRRES12DEL03,34,4.2,1,17:40,17:45,37.0
KOCRES13DEL01,22,4.8,1,15:10,15:25,21.0
MYSRES010DEL02,30,5.0,3,18:40,18:50,30.0
RANCHIRES07DEL03,32,4.2,1,21:60,22:15,39.0
CHENRES15DEL03,26,5.0,1,18:55,18:60,26.0
CHENRES06DEL01,23,4.6,1,19:20,19:30,28.0
BHPRES17DEL02,34,3.8,1,19:35,19:40,44.0
PUNERES05DEL03,23,4.6,3,21:15,21:20,15.0
PUNERES04DEL03,22,4.6,1,23:20,23:25,19.0
MYSRES17DEL02,28,4.6,1,20:50,21:05,27.0
JAPRES11DEL02,38,4.8,3,8:30,8:45,22.0
BHPRES20DEL01,39,4.1,1,18:10,18:15,38.0
HYDRES010DEL03,26,4.7,3,18:15,18:20,15.0
SURRES09DEL02,20,4.8,4,23:40,23:50,26.0
JAPRES16DEL03,23,4.5,1,19:55,20:10,19.0
JAPRES16DEL01,25,4.0,4,19:40,19:55,31.0
HYDRES17DEL02,37,4.6,1,23:60,24:05,25.0
CHENRES09DEL02,0,,1,,8:40,29.0
PUNERES11DEL01,30,3.8,1,21:25,21:40,38.0
CHENRES06DEL01,27,4.6,4,15:50,15:55,29.0
MUMRES01DEL02,27,4.6,4,20:55,21:05,18.0
BANGRES010DEL03,37,4.3,1,22:10,22:15,34.0
AURGRES04DEL03,39,4.9,1,20:50,20:55,25.0
COIMBRES01DEL03,22,4.6,3,23:60,24:15,10.0
COIMBRES03DEL02,24,2.8,1,22:55,23:05,42.0
RANCHIRES16DEL02,34,5.0,3,23:15,23:30,21.0
PUNERES04DEL01,26,4.4,3,13:55,13:60,32.0
AGRRES11DEL02,32,4.2,1,8:10,8:15,33.0
COIMBRES010DEL03,39,5.0,1,22:50,22:55,28.0
BANGRES06DEL02,25,4.8,3,17:20,17:30,24.0
CHENRES19DEL03,24,4.7,1,21:50,21:60,21.0
COIMBRES05DEL01,22,4.1,1,17:40,17:55,33.0
KNPRES19DEL02,24,4.3,1,20:25,20:35,40.0
GOARES01DEL02,20,4.9,1,10:15,10:30,16.0
MUMRES19DEL02,39,4.8,3,21:15,21:30,27.0
VADRES12DEL02,36,5.0,3,10:35,10:40,16.0
MUMRES17DEL02,26,4.7,1,23:40,23:50,18.0
COIMBRES010DEL01,27,4.3,3,8:30,8:40,20.0
RANCHIRES04DEL03,0,,3,,20:05,21.0
AGRRES16DEL02,21,4.9,1,18:55,19:05,23.0
RANCHIRES13DEL02,35,4.6,3,21:55,21:60,47.0
SURRES09DEL01,31,4.6,1,19:35,19:50,42.0
PUNERES06DEL03,24,4.9,3,21:60,22:15,21.0
RANCHIRES13DEL02,24,4.9,3,23:25,23:35,17.0
VADRES19DEL02,21,4.8,3,23:20,23:25,14.0
SURRES01DEL02,34,4.1,1,20:55,21:10,46.0
PUNERES12DEL02,21,4.3,1,20:50,20:60,52.0
RANCHIRES19DEL03,36,4.4,1,22:20,22:35,36.0
INDORES01DEL01,29,4.7,1,20:10,20:25,48.0
HYDRES03DEL01,39,4.6,1,10:60,11:05,26.0
LUDHRES09DEL02,32,4.0,3,19:20,19:25,46.0
INDORES11DEL01,35,5.0,4,9:15,9:25,15.0
SURRES19DEL01,35,4.0,1,21:40,21:50,50.0
JAPRES010DEL01,35,4.7,1,21:45,21:50,41.0
DEHRES14DEL02,28,4.6,4,21:55,22:05,11.0
HYDRES07DEL01,26,4.5,1,13:20,13:35,40.0
VADRES09DEL03,25,4.8,1,21:50,21:60,32.0
MUMRES02DEL01,25,4.2,1,20:45,20:55,43.0
HYDRES18DEL02,0,,1,,18:10,29.0
MYSRES13DEL01,27,5.0,1,20:40,20:45,25.0
KOLRES010DEL01,25,4.8,1,11:10,11:25,20.0
MYSRES08DEL03,33,4.5,3,17:25,17:40,21.0
CHENRES03DEL02,26,4.6,1,17:60,18:05,23.0
GOARES17DEL01,32,4.1,3,20:40,20:50,38.0
PUNERES18DEL01,38,4.1,1,18:25,18:40,39.0
RANCHIRES15DEL02,0,,1,,21:30,27.0
HYDRES05DEL03,23,4.8,1,19:45,19:60,18.0
VADRES02DEL01,29,5.0,1,13:55,14:05,29.0
JAPRES18DEL01,25,4.5,1,23:30,23:35,27.0
MYSRES15DEL01,38,4.8,1,12:30,12:40,30.0
JAPRES11DEL01,0,,1,,24:10,21.0
COIMBRES01DEL02,30,4.7,1,22:15,22:20,27.0
CHENRES08DEL02,37,4.1,1,17:40,17:55,32.0
VADRES03DEL02,0,,1,,18:55,38.0
BHPRES04DEL02,34,4.4,1,11:10,11:15,31.0
BANGRES010DEL02,29,4.5,1,17:15,17:30,26.0
MUMRES05DEL02,28,4.7,1,9:10,9:25,16.0
COIMBRES06DEL01,29,4.6,1,19:45,19:60,15.0
BANGRES010DEL01,20,5.0,3,19:60,20:15,30.0
INDORES07DEL01,38,4.8,1,21:40,21:55,40.0
CHENRES010DEL03,32,4.6,1,17:45,17:60,15.0
CHENRES15DEL03,24,4.7,1,23:50,24:05,17.0
VADRES08DEL02,30,4.5,1,22:60,23:15,20.0
INDORES11DEL03,50,6.0,1,,20:40,28.0
BANGRES02DEL01,23,5.0,1,15:50,15:60,16.0
RANCHIRES19DEL01,20,4.8,1,22:30,22:40,24.0
MUMRES08DEL01,26,3.9,3,11:60,12:05,49.0
VADRES19DEL01,20,4.9,1,14:45,14:60,17.0
BHPRES03DEL03,36,4.6,1,17:55,18:05,31.0
MUMRES06DEL02,39,4.9,1,20:60,21:15,23.0
JAPRES11DEL01,38,4.9,1,8:15,8:30,19.0
MUMRES08DEL03,27,4.5,1,21:10,21:20,22.0
INDORES12DEL01,24,4.6,4,23:50,23:55,25.0
MUMRES06DEL02,28,4.6,1,23:20,23:35,29.0
MYSRES02DEL01,28,4.6,1,19:30,19:35,34.0
INDORES06DEL01,30,4.0,1,12:10,12:25,39.0
VADRES20DEL03,29,4.1,1,19:45,19:60,42.0
INDORES19DEL01,30,5.0,1,9:40,9:45,19.0
BANGRES20DEL01,0,,1,,10:30,14.0
SURRES17DEL02,37,5.0,1,20:20,20:30,33.0
BANGRES02DEL03,37,4.8,1,22:45,22:55,22.0
CHENRES01DEL02,29,4.8,1,21:45,21:55,43.0
JAPRES04DEL03,38,5.0,1,18:20,18:35,42.0
COIMBRES03DEL01,25,4.7,1,22:35,22:50,19.0
COIMBRES01DEL02,34,4.8,1,23:60,24:15,29.0
GOARES14DEL01,34,4.7,1,21:20,21:25,20.0
MUMRES20DEL02,24,5.0,1,20:15,20:30,29.0
VADRES17DEL02,24,4.7,3,19:40,19:45,12.0
MYSRES18DEL01,21,4.6,4,13:40,13:50,14.0
PUNERES20DEL03,39,4.6,1,17:15,17:30,34.0
VADRES18DEL02,20,4.7,1,22:25,22:35,22.0
HYDRES06DEL01,0,,1,17:45,17:55,47.0
RANCHIRES18DEL03,24,4.5,3,19:25,19:40,19.0
KOLRES01DEL03,35,4.8,1,17:50,17:55,24.0
JAPRES14DEL01,26,4.9,3,11:15,11:25,13.0
INDORES14DEL03,29,4.6,1,17:15,17:20,22.0
PUNERES05DEL01,0,,3,,22:35,11.0
CHENRES03DEL01,30,4.7,1,8:50,8:60,16.0
COIMBRES15DEL01,22,4.8,3,22:15,22:30,12.0
PUNERES19DEL01,33,4.4,3,20:25,20:30,43.0
CHENRES18DEL01,31,4.6,1,20:20,20:25,18.0
AURGRES03DEL03,36,4.9,3,18:10,18:20,19.0
SURRES01DEL01,27,4.6,1,20:25,20:40,40.0
INDORES09DEL01,22,4.5,1,12:35,12:50,11.0
MUMRES06DEL02,33,4.7,1,20:60,21:10,27.0
SURRES20DEL02,34,4.8,1,23:20,23:35,26.0
CHENRES03DEL01,27,4.8,1,18:10,18:25,19.0
AGRRES03DEL01,0,,1,,16:15,28.0
LUDHRES17DEL02,39,4.5,1,9:50,9:55,26.0
AURGRES07DEL02,28,4.8,1,21:55,22:05,22.0
HYDRES010DEL03,27,4.7,1,20:55,21:05,13.0
HYDRES20DEL01,20,4.8,1,17:40,17:45,26.0
MUMRES13DEL01,28,4.3,3,20:20,20:35,32.0
HYDRES20DEL01,30,4.5,1,20:50,20:55,38.0
HYDRES18DEL02,30,4.8,1,8:15,8:25,23.0
SURRES17DEL02,21,4.6,1,21:30,21:35,20.0
MYSRES05DEL02,34,4.4,1,9:50,10:05,21.0
KOCRES04DEL02,20,4.8,1,18:10,18:15,20.0
RANCHIRES14DEL03,25,4.9,1,23:35,23:50,16.0
KNPRES11DEL02,21,4.6,3,9:15,9:30,10.0
MYSRES15DEL01,27,4.6,1,19:55,20:05,44.0
AURGRES02DEL02,21,4.7,3,11:50,11:60,15.0
PUNERES18DEL02,20,4.5,4,19:10,19:25,13.0
MYSRES02DEL03,39,4.5,1,23:35,23:45,20.0
KOCRES04DEL01,27,5.0,1,21:60,22:10,22.0
BANGRES08DEL02,25,4.6,4,21:20,21:30,33.0
HYDRES20DEL02,26,5.0,1,8:35,8:50,14.0
SURRES14DEL01,26,4.9,1,21:15,21:20,26.0
BANGRES11DEL01,39,4.9,3,19:10,19:20,29.0
BANGRES01DEL02,26,4.2,1,21:60,22:05,39.0
SURRES20DEL01,38,5.0,1,9:30,9:35,27.0
BANGRES13DEL02,33,4.7,1,8:45,8:50,15.0
CHENRES02DEL01,28,4.7,3,21:60,22:05,30.0
MYSRES20DEL02,23,4.6,3,17:45,17:50,15.0
PUNERES14DEL01,38,4.7,1,19:60,20:10,49.0
HYDRES03DEL02,33,4.1,3,20:35,20:40,40.0
AURGRES08DEL02,36,4.9,3,23:35,23:40,17.0
BANGRES09DEL01,30,4.9,1,23:45,23:50,16.0
MUMRES09DEL03,27,4.5,3,18:40,18:45,11.0
GOARES16DEL03,27,5.0,4,20:50,21:05,21.0
RANCHIRES13DEL01,38,4.8,1,21:10,21:20,19.0
PUNERES13DEL01,25,4.9,1,11:50,11:55,29.0
CHENRES010DEL02,24,4.8,1,10:20,10:25,17.0
HYDRES16DEL02,25,4.3,1,20:60,21:10,38.0
INDORES01DEL02,30,4.9,1,23:55,24:05,27.0
JAPRES12DEL03,36,4.7,1,21:45,21:50,47.0
MUMRES04DEL01,26,4.7,1,20:60,21:15,41.0
ALHRES02DEL01,35,4.7,1,14:45,14:50,29.0
RANCHIRES010DEL01,0,,1,,15:05,22.0
VADRES010DEL01,29,4.7,3,11:15,11:30,30.0
PUNERES17DEL02,23,4.5,3,18:60,19:10,18.0
ALHRES11DEL01,32,4.9,1,13:10,13:15,30.0
INDORES15DEL03,24,5.0,1,22:20,22:30,26.0
PUNERES17DEL01,34,4.9,1,17:20,17:25,30.0
HYDRES18DEL02,36,4.2,1,9:25,9:40,23.0
KOCRES16DEL01,25,4.6,3,21:20,21:30,19.0
BANGRES09DEL02,34,4.9,1,23:10,23:15,20.0
VADRES12DEL02,36,4.9,1,22:15,22:30,28.0
HYDRES15DEL01,34,4.6,1,13:45,13:50,22.0
MYSRES09DEL03,22,5.0,1,17:15,17:30,21.0
SURRES19DEL03,35,4.3,1,23:20,23:35,32.0
AGRRES04DEL01,33,4.7,1,10:20,10:25,25.0
JAPRES19DEL02,34,4.2,1,21:40,21:45,37.0
LUDHRES18DEL03,20,4.7,3,17:60,18:05,10.0
JAPRES13DEL03,27,5.0,1,17:55,18:05,28.0
LUDHRES20DEL03,21,4.8,1,21:30,21:45,31.0
PUNERES19DEL03,37,4.0,1,17:50,17:55,33.0
VADRES02DEL02,24,4.0,3,18:30,18:35,36.0
MUMRES03DEL02,31,4.5,1,18:50,19:05,28.0
MUMRES05DEL01,25,4.9,1,19:25,19:35,46.0
DEHRES20DEL03,25,4.9,4,22:15,22:25,16.0
JAPRES18DEL03,20,4.8,1,19:25,19:40,24.0
DEHRES09DEL01,32,4.8,1,8:50,9:05,29.0
HYDRES11DEL01,36,4.1,1,8:20,8:25,21.0
RANCHIRES09DEL02,32,4.6,1,10:40,10:50,24.0
COIMBRES010DEL03,34,4.1,3,23:35,23:50,24.0
LUDHRES05DEL01,34,5.0,1,16:30,16:35,34.0
VADRES05DEL03,28,4.8,1,17:25,17:35,17.0
MUMRES09DEL02,23,4.7,3,23:45,23:50,18.0
CHENRES19DEL01,35,4.7,3,13:20,13:35,28.0
KOCRES01DEL03,29,4.7,1,22:20,22:25,30.0
CHENRES02DEL01,38,4.7,4,9:50,10:05,17.0
CHENRES19DEL03,37,4.6,1,21:20,21:30,22.0
COIMBRES01DEL01,22,4.9,3,19:10,19:20,24.0
COIMBRES13DEL02,30,4.7,1,8:20,8:25,22.0
CHENRES12DEL03,20,4.8,1,22:10,22:20,11.0
BANGRES20DEL01,28,4.8,1,17:10,17:15,21.0
INDORES05DEL03,39,4.6,3,18:45,18:55,29.0
GOARES15DEL03,35,4.7,1,20:60,21:15,26.0
SURRES05DEL03,26,4.9,1,21:15,21:20,42.0
MYSRES17DEL01,32,4.9,1,8:35,8:45,28.0
COIMBRES12DEL01,25,4.8,1,14:25,14:35,32.0
INDORES03DEL03,34,4.5,3,20:30,20:45,24.0
COIMBRES08DEL03,34,4.0,3,17:40,17:55,32.0
SURRES03DEL02,29,4.9,1,23:25,23:30,20.0
RANCHIRES16DEL03,35,4.7,1,20:35,20:50,26.0
JAPRES19DEL02,21,4.5,1,20:55,21:05,27.0
RANCHIRES07DEL01,35,5.0,1,14:35,14:50,33.0
INDORES15DEL02,38,4.3,1,21:40,21:45,31.0
INDORES07DEL03,23,4.7,1,22:20,22:30,22.0
COIMBRES010DEL01,24,4.6,1,16:50,16:60,26.0
HYDRES02DEL02,28,4.8,3,22:20,22:25,20.0
LUDHRES010DEL02,21,4.6,3,19:30,19:40,30.0
BANGRES18DEL01,22,4.7,3,19:20,19:25,17.0
CHENRES01DEL02,33,4.9,1,20:15,20:20,15.0
RANCHIRES06DEL03,34,3.7,1,17:30,17:40,31.0
CHENRES18DEL02,29,4.6,1,20:55,20:60,16.0
KOLRES03DEL02,0,,1,,18:35,15.0
RANCHIRES07DEL01,38,4.3,3,12:60,13:15,31.0
BANGRES14DEL03,21,4.7,1,20:10,20:15,22.0
COIMBRES12DEL01,21,4.6,1,9:40,9:50,16.0
SURRES13DEL03,36,4.5,3,17:35,17:45,18.0
SURRES01DEL03,28,4.8,3,17:55,17:60,29.0
CHENRES01DEL02,21,4.8,1,23:25,23:35,24.0
CHENRES08DEL02,33,4.7,1,22:40,22:50,22.0
MUMRES14DEL03,0,,1,,20:35,32.0
MYSRES18DEL03,35,4.4,1,18:20,18:35,31.0
MYSRES010DEL02,23,4.7,3,17:35,17:40,29.0
INDORES01DEL02,0,,3,,17:15,48.0
PUNERES11DEL02,22,4.6,1,21:35,21:45,49.0
PUNERES06DEL01,35,4.3,1,18:40,18:55,37.0
BANGRES05DEL01,25,4.3,1,10:60,11:10,25.0
RANCHIRES09DEL03,39,4.3,3,18:30,18:35,33.0
COIMBRES12DEL03,23,4.5,1,20:15,20:20,25.0
MYSRES07DEL03,22,4.6,1,22:10,22:25,17.0
HYDRES06DEL02,26,4.7,1,18:45,18:60,28.0
INDORES08DEL01,38,4.6,3,23:15,23:30,30.0
KOCRES06DEL02,36,4.7,1,10:55,11:10,22.0
INDORES06DEL01,20,5.0,1,14:50,14:60,20.0
KOLRES08DEL01,34,4.8,3,22:15,22:25,21.0
SURRES12DEL01,27,5.0,1,12:55,13:05,22.0
CHENRES17DEL03,30,4.8,1,23:30,23:35,28.0
INDORES06DEL02,27,4.5,3,22:15,22:30,16.0
MYSRES11DEL02,36,4.1,1,18:50,18:60,38.0
RANCHIRES06DEL02,22,4.5,1,8:20,8:35,15.0
LUDHRES12DEL03,29,4.8,1,21:10,21:20,15.0
BANGRES19DEL01,25,4.8,1,17:20,17:30,26.0
HYDRES12DEL02,35,4.6,1,18:20,18:30,15.0
SURRES11DEL03,31,4.8,1,23:20,23:25,25.0
MYSRES02DEL01,35,4.3,1,11:10,11:20,32.0
BHPRES17DEL03,34,4.7,3,22:50,22:60,28.0
GOARES08DEL01,21,4.8,1,13:50,14:05,15.0
AURGRES18DEL03,36,4.8,1,21:45,21:55,46.0
BHPRES06DEL02,21,4.6,3,17:60,18:05,12.0
BANGRES05DEL02,22,5.0,1,8:15,8:30,22.0
MUMRES01DEL03,31,4.8,3,23:35,23:45,17.0
VADRES06DEL03,27,4.6,1,19:10,19:25,48.0
ALHRES010DEL01,23,4.9,1,18:25,18:35,19.0
HYDRES11DEL01,36,4.1,1,19:50,19:60,46.0
BANGRES17DEL03,30,4.9,1,22:10,22:15,21.0
JAPRES010DEL01,28,4.9,3,20:50,20:60,25.0
COIMBRES14DEL02,33,4.6,1,20:10,20:20,29.0
ALHRES16DEL01,34,4.2,1,22:45,22:60,35.0
HYDRES18DEL03,34,4.9,1,19:50,19:60,34.0
MUMRES16DEL01,36,4.6,1,20:15,20:25,40.0
INDORES18DEL03,24,4.9,1,19:50,19:60,28.0
INDORES08DEL02,28,4.5,1,18:20,18:30,14.0
MYSRES17DEL03,33,4.9,1,22:25,22:35,19.0
MUMRES18DEL03,25,4.5,1,18:15,18:25,24.0
PUNERES14DEL02,36,4.5,1,23:35,23:40,27.0
RANCHIRES18DEL02,36,4.3,1,21:60,22:10,51.0
INDORES010DEL03,39,4.8,1,17:25,17:30,19.0
MUMRES05DEL01,36,4.8,1,21:25,21:40,54.0
INDORES010DEL02,36,5.0,1,8:30,8:45,25.0
RANCHIRES12DEL01,23,4.8,3,11:25,11:30,22.0
MUMRES14DEL01,24,4.5,1,22:45,22:50,21.0
RANCHIRES010DEL03,36,4.7,1,21:35,21:45,29.0
VADRES13DEL02,36,4.8,1,20:35,20:45,22.0
COIMBRES13DEL02,21,4.8,3,21:55,22:10,28.0
KOCRES06DEL01,20,5.0,1,8:15,8:30,15.0
RANCHIRES20DEL01,36,4.7,1,16:45,16:50,26.0
DEHRES01DEL02,39,4.8,1,17:15,17:25,47.0
KOCRES18DEL01,27,5.0,3,15:45,15:60,17.0
MYSRES02DEL01,37,4.7,1,16:50,17:05,30.0
MUMRES05DEL02,36,4.3,1,21:55,22:10,31.0
BANGRES03DEL02,33,4.9,1,11:60,12:10,28.0
ALHRES02DEL02,32,4.6,3,20:10,20:15,46.0
INDORES03DEL03,31,5.0,1,23:20,23:35,14.0
JAPRES17DEL02,26,4.8,3,17:40,17:45,15.0
RANCHIRES09DEL02,31,5.0,1,17:25,17:35,31.0
JAPRES02DEL01,30,4.7,1,13:30,13:35,24.0
BHPRES06DEL01,36,4.6,1,16:50,17:05,28.0
RANCHIRES05DEL01,26,4.7,3,22:45,22:55,10.0
RANCHIRES14DEL02,37,3.7,1,19:20,19:30,38.0
BHPRES11DEL03,33,4.9,1,19:40,19:55,32.0
PUNERES15DEL03,23,4.9,1,20:60,21:10,10.0
KOCRES15DEL02,26,4.1,1,21:35,21:40,40.0
MYSRES08DEL02,0,,1,22:60,23:05,12.0
RANCHIRES14DEL01,26,4.8,1,18:30,18:35,29.0
HYDRES02DEL02,30,3.6,1,17:15,17:20,33.0
VADRES16DEL01,34,4.6,1,20:50,20:55,49.0
HYDRES18DEL02,28,4.6,1,9:25,9:35,15.0
BANGRES13DEL03,24,4.9,1,17:50,17:60,21.0
HYDRES19DEL03,21,4.8,3,18:10,18:20,21.0
VADRES07DEL01,37,4.8,1,9:20,9:25,25.0
CHENRES02DEL02,24,4.8,1,18:30,18:40,17.0
JAPRES04DEL03,34,4.7,3,20:30,20:35,19.0
SURRES04DEL01,28,5.0,1,20:35,20:45,44.0
MUMRES17DEL01,27,4.9,3,14:45,14:60,21.0
CHENRES20DEL01,0,,1,,20:30,33.0
PUNERES19DEL02,33,4.9,3,17:30,17:45,22.0
CHENRES13DEL02,33,4.6,3,23:45,23:60,26.0
MYSRES02DEL03,0,,1,,22:25,16.0
BANGRES05DEL02,34,4.5,3,17:20,17:30,28.0
INDORES20DEL01,28,4.0,1,20:35,20:50,42.0
SURRES01DEL02,35,4.3,1,23:15,23:25,25.0
AURGRES14DEL01,34,4.9,1,10:15,10:20,27.0
CHENRES19DEL01,39,4.5,1,10:30,10:35,26.0
INDORES08DEL01,28,4.6,1,16:25,16:40,26.0
JAPRES15DEL01,37,4.9,1,23:30,23:35,20.0
HYDRES13DEL03,33,5.0,1,20:50,20:60,22.0
COIMBRES05DEL03,37,5.0,1,23:10,23:25,19.0
VADRES18DEL01,29,5.0,1,16:35,16:45,13.0
MYSRES010DEL01,26,4.8,3,9:50,9:60,16.0
INDORES19DEL01,35,4.2,3,11:10,11:15,35.0
KOLRES010DEL03,38,4.0,1,22:45,22:55,29.0
VADRES17DEL02,29,4.7,1,10:50,11:05,10.0
INDORES20DEL02,22,4.2,1,11:25,11:40,34.0
ALHRES01DEL01,23,4.7,3,14:60,15:15,21.0
COIMBRES16DEL01,32,5.0,1,18:40,18:50,42.0
INDORES010DEL01,22,4.7,1,18:10,18:20,28.0
MYSRES04DEL02,39,4.6,1,17:30,17:35,20.0
VADRES09DEL01,38,4.5,3,10:25,10:35,23.0
JAPRES19DEL03,35,4.2,1,21:20,21:25,33.0
MUMRES11DEL03,35,4.8,3,20:10,20:25,22.0
INDORES08DEL01,39,4.1,1,17:20,17:25,38.0
BANGRES18DEL02,31,4.9,1,11:25,11:30,41.0
BANGRES05DEL02,25,4.2,3,20:25,20:30,31.0
PUNERES02DEL03,38,4.8,3,23:35,23:40,20.0
HYDRES02DEL03,21,4.9,1,22:50,23:05,15.0
KOLRES01DEL03,38,4.8,1,17:10,17:15,22.0
MYSRES18DEL03,36,4.7,1,22:25,22:35,19.0
RANCHIRES09DEL02,32,4.9,1,23:40,23:50,21.0
PUNERES08DEL01,26,4.6,1,11:10,11:25,22.0
KOCRES17DEL01,33,4.6,1,21:30,21:35,29.0
SURRES20DEL02,0,,1,,21:60,21.0
AURGRES15DEL02,27,4.4,3,18:50,19:05,31.0
PUNERES14DEL03,32,4.4,2,21:15,21:30,48.0
MUMRES17DEL02,26,4.5,1,19:30,19:45,14.0
INDORES01DEL02,24,4.8,1,18:50,18:55,28.0
INDORES19DEL01,39,4.5,1,9:15,9:20,22.0
BANGRES20DEL02,0,,1,23:45,23:60,17.0
MYSRES010DEL02,27,4.6,1,23:60,24:05,18.0
COIMBRES14DEL01,35,4.8,1,12:50,12:60,28.0
HYDRES08DEL01,28,4.6,1,11:30,11:35,11.0
SURRES17DEL02,27,4.1,4,21:10,21:20,33.0
PUNERES16DEL02,22,4.0,1,18:25,18:35,39.0
MYSRES13DEL02,28,4.9,3,10:40,10:45,10.0
GOARES13DEL02,39,4.8,1,22:45,22:55,20.0
SURRES17DEL02,31,4.7,1,21:35,21:50,38.0
CHENRES03DEL03,36,4.5,3,23:50,23:55,23.0
MYSRES15DEL03,33,4.6,3,21:55,22:05,28.0
BHPRES12DEL02,33,4.4,1,21:55,21:60,31.0
JAPRES07DEL02,39,4.4,1,21:35,21:45,53.0
SURRES19DEL01,35,4.7,1,20:45,20:60,51.0
SURRES04DEL01,29,4.8,1,19:35,19:40,23.0
PUNERES01DEL03,32,4.8,1,22:45,22:50,18.0
MYSRES01DEL03,29,4.9,3,19:60,20:10,26.0
DEHRES06DEL01,23,4.7,3,14:60,15:15,19.0
MYSRES01DEL01,0,,3,,18:20,29.0
JAPRES02DEL03,34,3.8,3,19:45,19:60,41.0
INDORES14DEL02,39,4.2,3,11:55,12:05,32.0
RANCHIRES02DEL03,0,,1,,17:25,21.0
KNPRES20DEL03,0,,1,,19:25,18.0
GOARES07DEL01,29,4.7,1,17:15,17:20,20.0
VADRES02DEL01,29,4.8,1,15:60,16:15,12.0
ALHRES010DEL02,20,4.6,1,17:30,17:40,37.0
BANGRES17DEL02,37,4.8,3,17:55,18:05,15.0
KNPRES19DEL01,32,4.8,1,18:25,18:30,31.0
RANCHIRES01DEL03,23,4.8,1,23:15,23:30,23.0
INDORES02DEL02,25,4.0,1,8:50,8:60,19.0
ALHRES06DEL02,28,4.8,1,19:35,19:45,34.0
SURRES14DEL01,21,4.5,1,15:25,15:35,19.0
BANGRES13DEL03,34,4.5,1,20:10,20:20,25.0
SURRES19DEL01,33,4.7,1,10:20,10:25,26.0
HYDRES18DEL03,32,4.1,1,22:30,22:45,28.0
COIMBRES03DEL03,36,4.1,1,20:35,20:50,35.0
MYSRES19DEL02,32,4.9,1,11:35,11:45,20.0
HYDRES08DEL03,26,5.0,1,18:50,18:55,32.0
PUNERES13DEL02,30,4.6,1,8:60,9:15,20.0
CHENRES12DEL01,32,4.6,1,13:30,13:45,30.0
MYSRES01DEL01,35,4.0,1,14:55,15:10,33.0
SURRES15DEL03,35,4.3,1,23:20,23:30,38.0
SURRES08DEL01,20,4.8,1,10:60,11:10,19.0
CHENRES11DEL01,37,4.8,3,16:45,16:55,26.0
VADRES04DEL03,36,4.7,1,20:15,20:20,30.0
SURRES11DEL01,22,4.7,3,12:10,12:15,18.0
DEHRES01DEL01,30,4.8,1,23:40,23:55,25.0
AGRRES010DEL01,34,4.7,1,22:60,23:05,15.0
COIMBRES02DEL01,25,4.6,3,10:25,10:40,15.0
RANCHIRES11DEL03,31,4.8,1,23:10,23:15,13.0
RANCHIRES04DEL01,33,4.7,1,21:10,21:20,49.0
HYDRES14DEL01,33,4.4,1,8:30,8:40,28.0
MUMRES08DEL01,31,3.9,1,23:40,23:50,35.0
VADRES13DEL03,36,4.0,1,20:40,20:45,44.0
MYSRES04DEL03,37,4.7,1,22:35,22:40,26.0
MUMRES06DEL03,25,4.8,1,19:50,20:05,22.0
MYSRES12DEL03,36,4.9,1,17:45,17:55,17.0
LUDHRES010DEL03,21,4.9,1,18:10,18:20,26.0
CHENRES09DEL01,23,4.7,3,16:55,16:60,19.0
JAPRES13DEL03,36,4.4,1,23:35,23:50,37.0
BANGRES08DEL02,27,4.9,1,23:25,23:40,20.0
AURGRES14DEL03,28,5.0,3,22:35,22:45,15.0
MUMRES13DEL03,27,4.2,1,20:30,20:35,33.0
CHENRES19DEL01,22,4.7,3,20:10,20:20,15.0
CHENRES05DEL02,25,4.9,1,21:45,21:50,43.0
SURRES14DEL03,21,4.9,4,23:20,23:30,21.0
MUMRES010DEL01,28,4.5,3,17:10,17:20,25.0
VADRES04DEL03,20,4.7,3,18:25,18:35,17.0
HYDRES05DEL03,32,4.9,1,23:55,24:10,24.0
PUNERES19DEL01,32,4.4,1,15:60,16:05,37.0
BANGRES13DEL02,0,,1,,24:05,26.0
ALHRES09DEL01,27,4.8,1,8:10,8:20,15.0
JAPRES010DEL03,22,4.7,3,23:35,23:40,17.0
MUMRES15DEL01,38,4.6,1,12:45,12:55,26.0
AURGRES03DEL01,26,4.6,1,18:35,18:50,25.0
CHENRES14DEL01,38,4.5,3,10:20,10:25,20.0
VADRES20DEL01,20,4.9,1,17:25,17:35,42.0
DEHRES13DEL02,0,,1,,22:30,20.0
HYDRES16DEL01,35,4.6,1,18:15,18:30,26.0
PUNERES13DEL03,21,4.7,1,23:45,23:55,28.0
COIMBRES19DEL02,27,4.6,1,11:30,11:40,16.0
VADRES07DEL02,36,4.0,1,10:25,10:35,33.0
KOLRES04DEL03,25,4.6,1,17:40,17:50,23.0
JAPRES06DEL03,29,4.5,1,18:60,19:10,37.0
HYDRES04DEL03,21,4.6,1,18:55,18:60,22.0
HYDRES07DEL01,32,4.7,1,22:50,23:05,41.0
SURRES14DEL01,30,5.0,1,14:50,15:05,28.0
VADRES06DEL03,37,4.7,1,21:10,21:20,25.0
JAPRES08DEL03,34,4.9,1,20:20,20:25,25.0
BANGRES12DEL01,25,4.5,3,14:25,14:30,16.0
MYSRES17DEL01,21,4.7,1,18:50,19:05,35.0
JAPRES07DEL02,21,5.0,1,23:10,23:20,25.0
MYSRES14DEL03,31,4.0,1,17:50,18:05,34.0
ALHRES11DEL03,34,4.8,1,18:40,18:50,18.0
LUDHRES010DEL03,38,4.1,4,20:45,20:50,41.0
PUNERES02DEL01,29,4.9,1,19:40,19:55,45.0
JAPRES09DEL01,20,5.0,1,18:60,19:15,22.0
KOLRES20DEL02,20,4.7,3,22:30,22:45,28.0
MYSRES17DEL01,38,4.8,1,16:60,17:05,17.0
INDORES20DEL02,22,5.0,3,20:35,20:40,11.0
PUNERES06DEL02,24,4.8,1,19:55,20:05,26.0
KNPRES19DEL03,37,4.5,1,22:35,22:40,24.0
COIMBRES06DEL03,23,5.0,3,17:20,17:35,34.0
CHENRES18DEL01,27,4.6,1,15:50,15:55,22.0
PUNERES15DEL01,23,4.9,1,18:25,18:30,36.0
JAPRES15DEL01,23,5.0,1,20:60,21:10,44.0
CHENRES02DEL02,37,4.8,1,8:25,8:35,18.0
INDORES14DEL02,21,4.9,1,18:50,18:55,19.0
AGRRES09DEL03,32,4.0,1,21:30,21:45,46.0
ALHRES18DEL02,31,4.3,1,11:60,12:10,48.0
MYSRES19DEL03,37,4.5,1,22:60,23:10,16.0
CHENRES05DEL02,34,4.5,1,20:40,20:50,26.0
INDORES17DEL03,26,3.9,1,20:35,20:40,46.0
PUNERES17DEL03,31,4.9,1,23:50,24:05,23.0
JAPRES12DEL03,28,4.9,1,18:55,19:05,27.0
SURRES02DEL01,32,3.8,1,19:35,19:40,31.0
RANCHIRES08DEL01,34,4.8,1,23:10,23:20,28.0
MUMRES20DEL01,27,4.4,1,17:30,17:35,33.0
SURRES02DEL01,27,4.6,1,10:55,10:60,12.0
BANGRES14DEL01,23,5.0,1,18:30,18:35,30.0
CHENRES16DEL02,28,4.1,1,19:50,19:55,44.0
INDORES09DEL03,25,4.9,1,20:30,20:35,28.0
SURRES04DEL01,37,4.8,3,20:55,21:05,37.0
SURRES01DEL02,20,4.9,3,21:60,22:10,16.0
PUNERES09DEL03,24,4.7,1,21:20,21:35,38.0
AURGRES14DEL01,28,4.5,1,22:40,22:45,28.0
HYDRES19DEL03,33,4.5,1,17:50,17:55,24.0
BANGRES18DEL01,37,4.7,1,18:35,18:45,39.0
MYSRES14DEL03,21,4.6,1,21:10,21:15,11.0
VADRES02DEL03,25,4.6,1,23:50,23:60,21.0
INDORES08DEL03,28,5.0,1,23:60,24:15,11.0
JAPRES11DEL03,27,4.5,1,21:40,21:45,26.0
BANGRES010DEL02,36,4.8,1,23:35,23:40,22.0
SURRES12DEL03,35,4.2,3,23:60,24:05,24.0
CHENRES08DEL01,20,4.6,3,19:15,19:20,30.0
BANGRES17DEL03,25,4.9,1,23:35,23:45,17.0
INDORES06DEL02,35,4.0,1,20:25,20:30,37.0
GOARES010DEL03,20,4.7,1,19:60,20:10,29.0
MUMRES16DEL01,33,4.1,1,19:35,19:45,41.0
VADRES11DEL03,39,4.4,1,17:15,17:25,31.0
SURRES15DEL03,36,4.3,1,20:60,21:15,32.0
AURGRES06DEL01,22,4.4,1,17:15,17:25,39.0
INDORES010DEL01,36,4.8,3,8:20,8:30,27.0
VADRES16DEL01,28,4.3,1,14:60,15:05,31.0
HYDRES06DEL03,39,4.6,1,17:25,17:35,30.0
GOARES05DEL02,37,4.7,1,22:55,23:10,15.0
VADRES16DEL03,30,4.9,1,19:35,19:40,53.0
DEHRES06DEL03,39,4.0,1,19:25,19:30,37.0
SURRES20DEL03,25,4.9,1,22:45,22:50,19.0
KNPRES19DEL03,25,4.8,3,22:10,22:15,14.0
LUDHRES15DEL03,26,4.5,3,19:50,19:60,19.0
KOLRES13DEL03,22,4.9,1,20:35,20:45,25.0
BANGRES02DEL01,27,5.0,1,16:25,16:40,26.0
ALHRES20DEL02,38,4.7,1,22:15,22:20,29.0
VADRES03DEL03,22,4.4,1,23:60,24:10,27.0
SURRES17DEL02,29,4.6,1,22:60,23:05,16.0
RANCHIRES06DEL02,37,4.4,1,23:35,23:50,44.0
MUMRES18DEL01,29,4.6,1,18:45,18:55,32.0
JAPRES08DEL03,37,4.8,1,22:10,22:20,27.0
COIMBRES18DEL02,37,4.6,1,18:10,18:25,30.0
BHPRES04DEL01,35,4.6,1,18:30,18:40,36.0
HYDRES02DEL02,33,4.9,3,22:60,23:15,18.0
RANCHIRES17DEL02,26,4.7,1,18:35,18:45,23.0
JAPRES20DEL02,25,4.6,1,21:50,22:05,38.0
VADRES06DEL03,26,4.0,1,21:40,21:45,33.0
MYSRES03DEL01,35,4.2,1,20:15,20:20,44.0
COIMBRES12DEL02,24,4.5,1,21:20,21:25,49.0
AGRRES04DEL02,30,4.9,1,19:40,19:45,27.0
RANCHIRES18DEL02,24,4.1,1,9:40,9:50,26.0
CHENRES010DEL03,39,4.1,1,17:30,17:40,31.0
PUNERES17DEL02,26,5.0,1,17:45,17:50,21.0
JAPRES04DEL01,23,4.7,3,21:60,22:10,38.0
COIMBRES20DEL02,24,4.9,1,21:45,21:50,20.0
COIMBRES03DEL02,33,4.9,1,22:45,22:50,18.0
ALHRES14DEL01,35,4.9,3,17:55,18:10,42.0
RANCHIRES05DEL03,25,4.6,1,23:15,23:25,16.0
BANGRES20DEL03,35,4.6,1,17:15,17:20,32.0
COIMBRES04DEL01,25,4.2,1,12:40,12:45,43.0
MYSRES17DEL03,39,4.8,1,23:30,23:35,23.0
BHPRES010DEL03,38,4.9,1,20:60,21:05,34.0
BANGRES01DEL02,21,5.0,3,17:10,17:25,11.0
CHENRES07DEL03,28,4.5,1,20:45,20:55,23.0
BANGRES19DEL02,30,4.7,3,9:15,9:30,20.0
VADRES18DEL01,31,4.9,1,23:20,23:25,25.0
MYSRES05DEL01,33,4.7,3,19:35,19:50,20.0
JAPRES07DEL01,24,4.8,1,9:35,9:50,14.0
AURGRES12DEL03,26,4.5,3,21:40,21:45,19.0
COIMBRES07DEL01,27,4.6,1,22:20,22:25,11.0
JAPRES11DEL02,30,4.8,1,22:35,22:40,27.0
RANCHIRES08DEL01,38,4.7,1,11:20,11:30,39.0
HYDRES11DEL03,0,,1,,23:40,18.0
INDORES16DEL03,33,4.9,1,23:15,23:20,22.0
CHENRES11DEL03,36,4.9,1,21:10,21:25,30.0
DEHRES010DEL01,27,4.8,3,18:60,19:05,17.0
DEHRES11DEL01,21,4.7,1,12:60,13:05,30.0
CHENRES07DEL01,23,4.9,1,11:60,12:05,24.0
GOARES010DEL02,27,4.7,3,9:55,10:10,10.0
RANCHIRES06DEL03,32,4.7,1,17:20,17:30,25.0
CHENRES01DEL03,0,,3,,20:10,11.0
HYDRES05DEL01,21,4.7,3,18:20,18:30,22.0
BANGRES13DEL03,36,4.6,1,19:35,19:45,27.0
HYDRES03DEL01,34,5.0,3,11:45,11:50,37.0
JAPRES09DEL02,32,4.7,3,21:55,22:10,16.0
MYSRES11DEL03,25,4.8,1,22:35,22:50,11.0
BANGRES08DEL02,36,4.0,1,19:60,20:10,52.0
COIMBRES20DEL02,24,4.6,1,17:15,17:30,24.0
BANGRES05DEL02,28,4.8,1,10:40,10:55,23.0
JAPRES18DEL03,31,4.7,1,23:25,23:40,20.0
RANCHIRES13DEL02,32,4.8,1,22:35,22:40,27.0
MYSRES15DEL02,23,4.5,1,21:10,21:25,15.0
SURRES20DEL02,34,4.3,1,9:30,9:35,30.0
COIMBRES04DEL01,39,4.6,1,20:55,21:10,43.0
PUNERES03DEL01,33,4.8,3,23:10,23:25,15.0
VADRES16DEL02,27,4.6,1,20:45,20:60,19.0
CHENRES15DEL01,31,4.6,3,16:45,16:50,26.0
INDORES05DEL03,31,5.0,1,19:10,19:25,25.0
JAPRES04DEL01,27,4.7,3,22:35,22:50,17.0
INDORES19DEL01,33,4.8,1,22:45,22:60,28.0
MUMRES19DEL01,33,3.8,1,23:35,23:45,36.0
MUMRES15DEL01,26,4.4,1,14:35,14:40,40.0
CHENRES17DEL03,33,4.9,1,18:30,18:45,29.0
BANGRES07DEL03,0,,1,,18:35,32.0
MYSRES13DEL02,28,4.5,3,18:10,18:25,18.0
INDORES03DEL01,21,4.5,1,12:30,12:45,52.0
KOCRES12DEL03,30,4.7,1,17:40,17:45,18.0
PUNERES14DEL03,38,4.6,1,23:55,23:60,20.0
INDORES05DEL02,25,4.6,1,11:60,12:05,20.0
VADRES19DEL01,29,4.7,1,20:25,20:40,22.0
INDORES16DEL02,22,4.6,1,21:35,21:45,27.0
AGRRES17DEL01,36,4.8,1,8:20,8:25,24.0
INDORES12DEL03,33,5.0,1,18:55,19:05,34.0
PUNERES07DEL03,35,4.7,1,20:55,21:05,41.0
JAPRES010DEL01,35,4.0,1,12:40,12:50,37.0
BANGRES04DEL01,24,4.6,1,20:10,20:25,23.0
JAPRES06DEL01,31,4.5,3,9:35,9:50,23.0
MUMRES18DEL01,0,,1,,13:55,14.0
KOCRES15DEL02,24,4.9,3,20:45,20:60,22.0
LUDHRES06DEL02,32,4.9,1,19:20,19:25,42.0
HYDRES02DEL02,0,,4,23:45,23:55,14.0
CHENRES05DEL01,38,3.6,1,22:55,23:10,37.0
MUMRES16DEL03,0,,1,,18:30,34.0
VADRES19DEL02,33,4.3,1,8:20,8:30,27.0
BANGRES16DEL01,26,4.7,1,13:55,14:10,28.0
PUNERES010DEL02,24,4.7,3,23:10,23:20,16.0
PUNERES11DEL01,27,4.9,1,21:35,21:40,24.0
MYSRES18DEL03,33,4.6,3,22:60,23:10,23.0
COIMBRES12DEL03,25,4.6,1,18:50,19:05,25.0
JAPRES02DEL03,34,4.6,1,20:50,21:05,30.0
DEHRES13DEL02,27,4.1,3,20:45,20:60,40.0
MYSRES01DEL01,37,4.9,3,8:40,8:50,24.0
RANCHIRES02DEL03,31,4.9,1,20:15,20:30,29.0
KOCRES03DEL02,27,4.5,1,18:35,18:45,25.0
VADRES13DEL02,32,4.9,3,22:20,22:25,20.0
MYSRES01DEL01,39,3.8,1,20:20,20:25,44.0
INDORES05DEL02,23,4.9,1,17:40,17:50,24.0
JAPRES08DEL03,31,4.7,1,18:45,18:55,16.0
SURRES12DEL01,27,4.4,1,20:30,20:40,42.0
INDORES02DEL03,27,4.8,3,20:25,20:30,18.0
COIMBRES16DEL03,39,4.8,1,19:50,19:60,25.0
COIMBRES07DEL03,39,4.9,1,18:55,18:60,19.0
MYSRES01DEL03,38,4.7,1,22:40,22:45,11.0
CHENRES18DEL01,26,4.7,1,9:45,9:60,15.0
DEHRES03DEL03,0,,3,,18:55,18.0
CHENRES09DEL02,32,3.7,1,19:60,20:15,35.0
VADRES11DEL02,27,4.2,1,19:30,19:40,34.0
SURRES05DEL03,35,4.5,1,18:45,18:60,26.0
MUMRES08DEL01,34,4.7,1,21:30,21:40,37.0
JAPRES09DEL02,31,4.2,1,8:50,9:05,33.0
AURGRES16DEL01,35,4.7,1,13:20,13:25,33.0
JAPRES09DEL02,28,5.0,1,11:60,12:10,21.0
RANCHIRES12DEL02,20,4.8,1,22:15,22:25,18.0
SURRES09DEL01,35,4.6,1,21:10,21:25,45.0
MYSRES010DEL03,20,4.6,3,18:10,18:20,18.0
MUMRES010DEL02,22,4.7,1,17:50,18:05,21.0
BANGRES17DEL02,22,4.6,3,21:45,21:60,16.0
MUMRES15DEL01,30,5.0,1,14:20,14:25,27.0
LUDHRES19DEL01,24,4.7,3,22:35,22:45,20.0
BANGRES17DEL01,21,4.7,3,18:50,19:05,19.0
VADRES15DEL02,23,4.9,1,22:15,22:25,23.0
CHENRES13DEL02,21,4.1,3,20:55,20:60,33.0
KOLRES15DEL03,27,4.8,4,17:50,17:55,22.0
CHENRES03DEL01,29,2.5,1,22:40,22:55,35.0
INDORES13DEL01,35,4.2,1,17:20,17:30,35.0
HYDRES20DEL03,22,4.9,1,20:30,20:40,16.0
BANGRES04DEL01,29,4.7,3,20:40,20:45,26.0
INDORES03DEL01,21,4.9,1,8:50,8:55,19.0
GOARES09DEL02,39,4.9,3,23:25,23:35,24.0
PUNERES04DEL01,25,4.6,3,12:50,12:60,23.0
SURRES010DEL03,22,4.6,3,23:25,23:35,28.0
JAPRES08DEL02,30,4.9,3,10:45,10:60,15.0
MUMRES02DEL01,28,4.8,1,23:40,23:55,28.0
INDORES16DEL02,39,4.4,1,17:50,17:60,41.0
COIMBRES07DEL01,21,4.3,1,21:20,21:25,32.0
LUDHRES12DEL03,26,4.6,1,17:35,17:45,29.0
VADRES13DEL02,25,4.8,3,19:35,19:40,11.0
KOLRES12DEL02,31,4.5,1,9:20,9:35,16.0
JAPRES13DEL02,0,,1,,23:50,25.0
BANGRES18DEL01,22,4.6,3,12:60,13:15,24.0
MYSRES04DEL02,33,4.1,1,9:20,9:30,34.0
RANCHIRES16DEL02,38,4.6,3,17:30,17:35,22.0
BANGRES16DEL02,29,4.8,3,19:20,19:35,27.0
MUMRES06DEL01,24,4.6,1,14:35,14:40,13.0
HYDRES12DEL02,27,4.9,1,23:60,24:10,19.0
LUDHRES13DEL01,39,4.7,1,15:15,15:20,21.0
HYDRES06DEL01,33,4.6,3,9:30,9:35,18.0
CHENRES17DEL01,20,4.6,1,22:55,22:60,12.0
COIMBRES02DEL03,28,4.4,1,17:10,17:25,39.0
RANCHIRES17DEL01,35,4.7,1,23:15,23:30,27.0
KOLRES08DEL02,20,4.5,1,8:20,8:35,14.0
SURRES05DEL01,28,4.6,1,8:20,8:30,16.0
MUMRES20DEL03,37,4.0,1,23:15,23:30,25.0
CHENRES02DEL01,33,4.8,1,23:55,24:10,24.0
JAPRES17DEL02,20,4.9,1,23:30,23:35,11.0
MYSRES17DEL02,20,4.8,1,18:25,18:35,26.0
KOCRES010DEL02,27,4.4,1,20:35,20:45,37.0
RANCHIRES04DEL02,28,4.6,1,20:35,20:40,28.0
CHENRES19DEL02,33,4.5,1,17:45,17:55,26.0
VADRES010DEL03,28,4.9,1,22:30,22:45,22.0
CHENRES19DEL02,27,4.7,3,8:25,8:30,11.0
MYSRES16DEL01,28,4.6,1,14:45,14:50,11.0
INDORES09DEL02,32,4.9,3,22:30,22:45,22.0
MUMRES19DEL02,32,4.5,1,18:25,18:35,20.0
CHENRES01DEL02,38,4.8,4,18:20,18:30,15.0
HYDRES16DEL03,27,4.6,3,20:60,21:05,23.0
CHENRES02DEL01,27,4.7,1,13:20,13:30,19.0
INDORES19DEL03,26,4.1,3,21:30,21:35,32.0
KOCRES14DEL03,32,4.6,1,17:20,17:25,36.0
AURGRES19DEL02,37,4.4,1,22:20,22:30,32.0
KOLRES09DEL02,39,4.9,1,18:35,18:45,32.0
VADRES05DEL03,38,4.9,1,19:60,20:05,26.0
COIMBRES03DEL01,24,4.9,3,12:20,12:30,25.0
MYSRES19DEL03,26,5.0,3,23:40,23:55,16.0
SURRES04DEL02,36,4.7,3,8:50,8:60,21.0
LUDHRES05DEL02,27,4.8,3,23:45,23:55,16.0
JAPRES01DEL02,38,4.6,1,23:60,24:05,24.0
VADRES15DEL03,29,4.6,3,18:55,18:60,35.0
BANGRES19DEL03,32,4.8,3,20:10,20:20,17.0
AURGRES07DEL03,26,4.6,3,23:55,24:05,19.0
JAPRES14DEL01,30,4.2,1,20:55,21:05,43.0
BANGRES16DEL03,33,4.8,3,18:15,18:25,21.0
INDORES09DEL01,23,4.7,1,17:15,17:30,36.0
INDORES02DEL01,22,4.6,1,22:50,22:60,27.0
HYDRES05DEL02,36,5.0,1,19:15,19:20,49.0
HYDRES08DEL02,30,5.0,1,18:40,18:55,37.0
RANCHIRES04DEL03,21,4.3,3,21:25,21:30,38.0
SURRES19DEL02,30,4.7,1,10:50,10:55,12.0
KNPRES08DEL01,36,4.9,1,12:60,13:10,27.0
RANCHIRES11DEL03,21,4.6,1,19:45,19:60,21.0
KNPRES13DEL01,27,4.2,1,20:15,20:20,38.0
SURRES19DEL01,25,4.6,3,23:10,23:15,19.0
HYDRES12DEL03,29,4.6,1,17:15,17:25,38.0
SURRES05DEL03,36,4.5,3,18:55,18:60,22.0
MYSRES19DEL01,38,4.8,3,9:10,9:15,17.0
MUMRES02DEL01,38,4.6,1,15:10,15:15,33.0
JAPRES15DEL02,38,4.6,3,21:55,22:10,32.0
SURRES07DEL02,29,4.8,1,20:60,21:10,29.0
INDORES09DEL03,31,4.5,1,21:20,21:30,24.0
MUMRES13DEL02,27,4.9,1,18:35,18:45,37.0
COIMBRES010DEL02,20,4.9,1,23:40,23:50,24.0
PUNERES08DEL02,29,4.5,3,19:60,20:05,47.0
VADRES19DEL01,33,4.0,1,13:55,14:05,32.0
HYDRES01DEL02,27,4.8,1,20:45,20:60,21.0
DEHRES17DEL01,30,4.9,1,23:50,23:55,17.0
INDORES010DEL02,20,4.9,1,23:50,23:55,24.0
RANCHIRES13DEL03,22,4.7,1,20:40,20:45,39.0
MYSRES12DEL02,36,5.0,1,22:55,23:05,23.0
COIMBRES12DEL01,34,5.0,1,19:25,19:35,40.0
HYDRES18DEL01,24,4.8,1,12:45,12:55,24.0
PUNERES16DEL02,30,4.7,1,20:10,20:25,44.0
RANCHIRES11DEL01,37,4.6,3,10:40,10:55,17.0
MUMRES07DEL01,20,4.8,1,11:35,11:50,27.0
MYSRES09DEL02,32,4.5,1,22:35,22:50,28.0
COIMBRES08DEL01,29,4.7,3,20:35,20:40,24.0
BHPRES15DEL03,27,4.3,1,21:45,21:50,35.0
HYDRES16DEL01,22,4.9,1,10:55,11:10,12.0
COIMBRES03DEL01,28,4.9,1,19:45,19:60,26.0
MUMRES09DEL01,0,,3,,23:35,12.0
MYSRES09DEL02,20,4.8,3,23:10,23:25,10.0
VADRES02DEL02,25,5.0,3,19:50,19:60,27.0
JAPRES20DEL03,20,4.7,3,22:55,23:05,29.0
RANCHIRES05DEL02,27,4.8,3,11:20,11:30,17.0
JAPRES08DEL02,39,5.0,2,21:55,22:05,53.0
KNPRES16DEL01,32,4.7,1,18:50,19:05,22.0
GOARES16DEL02,31,4.5,1,23:45,23:55,25.0
MYSRES08DEL01,24,4.4,1,17:45,17:60,35.0
AURGRES15DEL02,33,4.3,1,19:10,19:15,41.0
RANCHIRES04DEL03,24,4.7,4,22:20,22:25,21.0
BANGRES11DEL02,37,4.7,3,18:45,18:50,25.0
PUNERES17DEL03,21,4.6,3,19:25,19:35,17.0
RANCHIRES06DEL01,28,4.7,3,12:40,12:55,38.0
RANCHIRES18DEL01,39,4.1,1,21:40,21:55,47.0
RANCHIRES07DEL01,31,4.6,1,15:25,15:35,17.0
PUNERES16DEL01,38,4.6,1,23:25,23:30,26.0
DEHRES06DEL02,26,4.7,1,17:10,17:15,35.0
PUNERES15DEL01,28,5.0,1,9:15,9:30,19.0
KNPRES18DEL02,39,4.8,3,10:55,11:10,18.0
MYSRES11DEL01,20,4.9,1,13:60,14:10,31.0
MUMRES04DEL02,31,4.8,1,8:60,9:05,20.0
JAPRES20DEL02,0,,1,,19:40,28.0
KNPRES15DEL03,36,4.9,1,17:10,17:15,39.0
BANGRES07DEL03,29,4.6,3,18:15,18:25,14.0
AGRRES03DEL03,30,4.5,1,17:25,17:40,23.0
PUNERES010DEL02,30,4.2,3,10:15,10:20,26.0
MUMRES17DEL01,21,4.7,1,22:55,22:60,15.0
SURRES16DEL01,38,4.5,1,21:35,21:40,43.0
SURRES17DEL01,32,4.8,1,15:25,15:30,28.0
RANCHIRES17DEL01,31,5.0,3,10:45,10:55,13.0
MYSRES13DEL02,22,4.5,1,20:40,20:55,47.0
HYDRES12DEL03,25,4.8,3,20:20,20:35,18.0
BHPRES19DEL02,31,4.6,1,11:30,11:40,17.0
BANGRES12DEL01,36,4.2,1,9:15,9:30,30.0
GOARES14DEL03,20,4.7,3,22:45,22:55,11.0
VADRES010DEL03,30,4.8,1,20:10,20:15,35.0
JAPRES14DEL02,36,4.8,1,22:30,22:35,26.0
RANCHIRES18DEL01,27,4.7,1,16:10,16:15,21.0
AURGRES18DEL03,33,3.9,1,21:50,21:60,43.0
MUMRES07DEL02,31,4.9,1,23:40,23:55,21.0
COIMBRES06DEL02,37,3.8,1,20:20,20:35,32.0
INDORES06DEL02,31,4.9,1,21:15,21:30,31.0
PUNERES13DEL03,30,4.4,1,19:25,19:40,32.0
COIMBRES07DEL03,27,4.0,1,19:50,20:05,34.0
SURRES13DEL02,39,4.1,3,21:60,22:05,37.0
MUMRES05DEL02,36,4.9,3,8:45,8:55,22.0
RANCHIRES06DEL03,23,5.0,1,17:10,17:25,26.0
CHENRES15DEL03,35,5.0,1,22:45,22:60,21.0
MYSRES01DEL01,24,4.8,1,10:25,10:30,14.0
BANGRES08DEL02,31,4.5,1,22:30,22:40,36.0
RANCHIRES05DEL03,26,4.8,1,22:45,22:50,29.0
MUMRES03DEL01,39,4.8,1,13:40,13:45,23.0
AURGRES15DEL03,21,4.4,1,22:55,23:05,27.0
VADRES08DEL01,31,4.6,1,20:45,20:50,18.0
PUNERES05DEL02,0,,3,8:55,8:60,15.0
JAPRES010DEL03,35,4.9,1,21:30,21:45,43.0
SURRES02DEL03,28,4.9,3,18:55,19:10,12.0
RANCHIRES16DEL02,0,,1,,19:55,53.0
CHENRES18DEL03,22,4.9,1,20:15,20:25,26.0
RANCHIRES14DEL03,32,4.7,1,19:25,19:40,47.0
AGRRES09DEL01,30,4.5,1,8:50,9:05,26.0
MYSRES11DEL01,31,3.5,1,21:30,21:40,32.0
ALHRES16DEL03,23,4.9,3,22:35,22:45,22.0
LUDHRES06DEL02,22,4.7,1,18:35,18:45,22.0
BHPRES08DEL02,32,4.9,1,17:10,17:15,27.0
BANGRES13DEL03,34,4.4,1,18:10,18:25,34.0
INDORES07DEL03,36,4.9,1,22:10,22:15,18.0
COIMBRES15DEL02,28,4.6,1,19:15,19:30,21.0
MYSRES13DEL01,21,4.9,1,20:50,20:55,21.0
HYDRES03DEL01,27,4.8,3,23:40,23:45,15.0
AGRRES09DEL03,0,,1,,18:45,29.0
HYDRES19DEL02,37,4.6,1,9:50,9:60,22.0
VADRES010DEL02,0,,3,,17:25,27.0
SURRES14DEL02,20,4.6,3,20:40,20:45,16.0
VADRES02DEL01,28,4.1,2,14:50,14:60,53.0
INDORES05DEL03,36,5.0,1,19:25,19:40,27.0
VADRES01DEL01,36,4.9,1,21:25,21:35,44.0
MYSRES12DEL02,34,4.7,1,23:35,23:45,30.0
INDORES14DEL01,31,4.0,1,16:35,16:50,31.0
BANGRES05DEL01,38,4.8,1,21:35,21:50,39.0
BANGRES01DEL03,22,4.9,3,20:60,21:05,23.0
JAPRES02DEL02,35,4.1,1,20:30,20:40,40.0
PUNERES06DEL02,29,4.7,1,19:15,19:20,47.0
SURRES17DEL01,26,4.8,1,21:55,22:05,37.0
RANCHIRES01DEL03,34,4.1,1,20:60,21:15,32.0
RANCHIRES13DEL03,24,4.6,1,22:35,22:45,18.0
HYDRES17DEL01,50,6.0,1,,23:20,27.0
BANGRES02DEL01,39,4.6,1,18:35,18:50,22.0
CHENRES01DEL03,23,4.3,1,22:15,22:20,26.0
JAPRES17DEL01,33,4.0,1,17:10,17:15,43.0
KNPRES12DEL03,26,5.0,1,17:40,17:50,27.0
INDORES12DEL02,27,4.9,1,23:55,24:10,26.0
KOCRES05DEL02,27,4.9,1,8:40,8:45,14.0
MUMRES20DEL03,28,3.8,1,19:50,19:60,46.0
MYSRES09DEL02,38,4.6,1,10:40,10:45,26.0
MUMRES010DEL03,24,4.9,3,19:35,19:45,28.0
RANCHIRES16DEL01,32,4.9,3,9:40,9:50,15.0
ALHRES09DEL03,28,4.9,3,22:30,22:40,18.0
RANCHIRES18DEL01,33,4.3,1,12:15,12:25,33.0
JAPRES09DEL02,35,4.7,1,20:60,21:10,50.0
COIMBRES20DEL03,21,4.7,3,19:15,19:20,25.0
INDORES06DEL01,38,4.3,1,21:30,21:45,53.0
HYDRES16DEL02,37,4.9,1,19:35,19:40,27.0
JAPRES11DEL03,31,4.8,1,23:55,24:10,16.0
INDORES04DEL01,27,5.0,1,14:55,15:10,29.0
GOARES15DEL03,39,4.8,1,22:45,22:60,19.0
SURRES03DEL02,36,4.1,1,23:45,23:55,39.0
HYDRES07DEL01,0,,1,,23:25,28.0
INDORES06DEL02,39,4.9,1,19:45,19:55,22.0
PUNERES07DEL02,25,4.8,1,18:10,18:25,25.0
MUMRES02DEL02,0,,1,,20:60,27.0
COIMBRES11DEL02,22,4.9,1,17:10,17:20,20.0
RANCHIRES17DEL02,32,4.9,1,17:45,17:60,28.0
SURRES03DEL01,30,4.7,1,17:55,18:05,44.0
RANCHIRES20DEL02,0,,1,,9:60,14.0
JAPRES02DEL03,33,4.7,3,21:55,21:60,35.0
MUMRES20DEL02,0,,1,,17:25,24.0
JAPRES17DEL02,36,4.9,1,21:15,21:30,32.0
MUMRES19DEL03,24,4.8,1,18:55,18:60,24.0
SURRES12DEL03,24,4.7,4,18:10,18:15,12.0
KOCRES01DEL03,37,4.2,1,22:60,23:15,34.0
MUMRES07DEL03,25,5.0,3,19:55,19:60,29.0
VADRES13DEL02,21,4.5,1,11:60,12:15,29.0
COIMBRES12DEL02,21,4.6,1,22:20,22:25,24.0
HYDRES17DEL03,26,4.8,1,19:30,19:35,37.0
JAPRES04DEL03,38,4.9,1,23:60,24:10,29.0
BANGRES04DEL03,33,3.8,3,18:45,18:50,37.0
JAPRES08DEL01,50,6.0,1,,18:50,20.0
PUNERES16DEL01,35,4.3,1,16:40,16:55,33.0
COIMBRES19DEL03,21,4.6,1,20:35,20:40,25.0
MUMRES010DEL03,27,4.6,4,19:55,19:60,20.0
SURRES09DEL03,33,4.7,1,22:50,22:60,25.0
PUNERES05DEL03,25,4.6,1,21:35,21:45,27.0
AURGRES19DEL02,28,4.7,3,10:25,10:30,18.0
INDORES17DEL03,25,4.8,1,21:55,22:10,26.0
VADRES16DEL02,39,4.7,1,23:15,23:30,28.0
RANCHIRES03DEL01,27,4.6,3,17:25,17:40,21.0
MUMRES08DEL03,23,4.7,1,21:40,21:45,14.0
BANGRES15DEL02,20,4.6,1,23:40,23:50,20.0
HYDRES08DEL02,37,4.5,1,20:40,20:50,36.0
SURRES07DEL01,36,4.8,4,8:40,8:55,17.0
CHENRES03DEL02,39,5.0,1,17:60,18:15,15.0
ALHRES04DEL02,37,4.1,1,19:40,19:55,33.0
BANGRES17DEL03,22,4.7,3,22:10,22:15,10.0
MUMRES16DEL02,20,4.8,1,18:15,18:30,28.0
JAPRES16DEL01,29,4.8,3,16:55,16:60,20.0
MYSRES02DEL02,38,5.0,1,22:35,22:40,22.0
COIMBRES05DEL02,33,4.8,3,19:50,20:05,15.0
MYSRES010DEL01,37,4.5,1,19:15,19:20,48.0
SURRES07DEL02,38,4.8,3,8:60,9:10,20.0
RANCHIRES19DEL02,30,4.6,1,18:35,18:45,18.0
PUNERES18DEL02,29,5.0,1,20:35,20:50,23.0
PUNERES05DEL01,22,4.6,3,11:40,11:55,30.0
HYDRES13DEL03,23,4.6,1,19:55,19:60,33.0
VADRES04DEL03,24,4.5,3,22:25,22:35,10.0
SURRES15DEL01,21,4.7,1,15:25,15:30,20.0
MUMRES20DEL03,35,4.5,1,19:60,20:15,27.0
RANCHIRES12DEL01,39,4.6,1,10:30,10:45,23.0
RANCHIRES06DEL02,34,4.8,1,19:20,19:35,30.0
GOARES16DEL03,26,4.5,3,17:40,17:50,29.0
RANCHIRES05DEL02,28,4.5,1,18:45,18:60,30.0
CHENRES12DEL03,0,,3,,21:50,31.0
CHENRES17DEL01,28,3.3,1,22:20,22:25,42.0
ALHRES15DEL02,36,4.5,1,19:60,20:15,30.0
BHPRES12DEL03,31,4.3,1,18:60,19:15,44.0
MYSRES07DEL02,21,4.5,1,19:50,19:55,38.0
MUMRES11DEL01,28,4.7,3,23:50,23:55,19.0
COIMBRES08DEL01,0,,3,,16:05,21.0
KNPRES15DEL01,29,5.0,1,12:60,13:10,28.0
CHENRES18DEL03,22,5.0,1,20:40,20:50,35.0
PUNERES11DEL02,33,4.5,1,19:35,19:40,53.0
SURRES010DEL02,24,4.9,1,22:55,23:05,17.0
MYSRES010DEL02,39,4.1,1,18:15,18:25,34.0
JAPRES05DEL02,29,5.0,1,22:45,22:60,20.0
SURRES18DEL01,33,4.1,3,20:50,21:05,38.0
PUNERES14DEL02,28,4.6,1,17:10,17:15,17.0
JAPRES09DEL02,29,4.2,1,21:40,21:45,32.0
HYDRES15DEL03,22,4.9,1,19:55,20:05,21.0
BHPRES14DEL01,29,4.8,3,19:45,19:60,30.0
MUMRES11DEL01,32,4.6,1,15:40,15:45,27.0
BANGRES12DEL03,21,3.7,1,21:50,21:60,41.0
CHENRES19DEL02,21,4.2,1,17:60,18:10,35.0
KOLRES14DEL02,25,4.0,1,23:55,23:60,23.0
RANCHIRES08DEL03,24,4.6,1,19:10,19:25,19.0
SURRES11DEL01,29,4.6,1,12:15,12:20,18.0
BANGRES01DEL02,35,4.6,1,11:45,11:60,47.0
INDORES20DEL03,21,4.8,1,20:50,20:55,29.0
MYSRES11DEL02,20,4.8,1,23:15,23:20,16.0
BANGRES20DEL03,24,4.1,1,22:10,22:25,27.0
BHPRES01DEL02,26,4.5,1,21:35,21:40,20.0
GOARES17DEL02,30,4.3,1,21:15,21:30,35.0
JAPRES20DEL02,22,4.4,1,17:10,17:20,35.0
RANCHIRES19DEL03,33,4.5,1,17:50,17:55,21.0
MUMRES02DEL01,31,4.6,3,23:55,24:05,25.0
COIMBRES09DEL03,37,4.0,1,18:20,18:35,32.0
KOCRES12DEL01,29,4.3,3,11:45,11:55,48.0
SURRES15DEL03,33,4.7,1,18:25,18:35,24.0
JAPRES14DEL01,22,4.8,1,18:25,18:35,19.0
PUNERES03DEL03,25,4.9,3,18:35,18:50,10.0
BANGRES17DEL01,32,4.7,4,10:10,10:20,16.0
PUNERES11DEL01,23,4.9,1,17:50,17:60,30.0
COIMBRES02DEL03,20,4.8,3,23:50,23:60,20.0
PUNERES010DEL03,29,4.6,1,17:10,17:25,17.0
MYSRES18DEL02,23,4.6,1,10:15,10:30,12.0
MUMRES15DEL01,25,4.2,1,21:40,21:45,43.0
COIMBRES15DEL02,37,4.8,1,23:30,23:45,20.0
JAPRES11DEL02,35,4.7,1,21:60,22:15,36.0
DEHRES07DEL02,34,3.3,1,22:50,22:60,32.0
JAPRES14DEL03,32,4.7,1,21:55,22:05,27.0
LUDHRES09DEL01,38,4.0,1,13:25,13:30,31.0
KNPRES14DEL02,21,4.7,3,10:35,10:40,11.0
PUNERES010DEL03,36,4.9,1,20:20,20:30,36.0
CHENRES02DEL02,27,5.0,4,20:25,20:40,15.0
HYDRES04DEL03,27,5.0,1,19:15,19:30,19.0
BANGRES09DEL02,29,4.8,3,18:40,18:55,26.0
SURRES01DEL02,23,4.6,3,22:30,22:40,20.0
COIMBRES16DEL01,34,4.2,1,15:15,15:25,32.0
SURRES13DEL01,37,4.3,1,12:45,12:60,36.0
DEHRES03DEL01,20,4.9,1,17:30,17:40,26.0
DEHRES03DEL03,37,4.2,1,17:40,17:55,31.0
MUMRES010DEL03,36,4.7,1,22:60,23:15,25.0
COIMBRES02DEL03,27,5.0,1,18:20,18:30,10.0
MYSRES03DEL03,33,4.6,1,22:25,22:40,26.0
CHENRES16DEL01,33,4.6,1,17:10,17:15,38.0
SURRES04DEL02,28,4.6,1,10:10,10:15,13.0
RANCHIRES17DEL02,38,4.7,1,20:60,21:05,42.0
RANCHIRES03DEL03,36,4.8,1,21:30,21:40,28.0
JAPRES010DEL02,31,4.7,1,8:55,8:60,15.0
BANGRES01DEL02,22,5.0,1,11:25,11:40,25.0
SURRES02DEL02,34,4.9,3,10:25,10:40,19.0
INDORES17DEL02,20,4.5,1,18:35,18:45,10.0
JAPRES010DEL02,24,4.6,1,23:55,24:05,28.0
RANCHIRES02DEL01,39,4.9,1,13:10,13:20,32.0
KOLRES12DEL01,24,4.7,1,20:40,20:45,19.0
AGRRES13DEL02,39,5.0,1,21:25,21:30,45.0
BANGRES17DEL03,22,4.6,1,17:15,17:25,25.0
GOARES08DEL02,38,4.8,4,9:55,9:60,17.0
JAPRES06DEL01,30,4.9,1,22:25,22:40,22.0
DEHRES11DEL02,23,4.5,1,23:50,24:05,26.0
BANGRES13DEL02,28,4.7,1,20:40,20:50,27.0
KOLRES05DEL01,21,4.7,1,19:40,19:45,22.0
RANCHIRES14DEL03,20,4.8,1,19:10,19:15,29.0
SURRES07DEL02,22,4.6,1,23:25,23:35,11.0
RANCHIRES010DEL01,34,4.6,1,23:50,23:55,19.0
JAPRES06DEL02,27,4.8,1,18:35,18:50,17.0
PUNERES13DEL03,26,4.6,1,19:55,20:05,24.0
RANCHIRES07DEL03,29,4.9,3,19:45,19:60,46.0
INDORES13DEL01,33,4.4,3,12:40,12:50,48.0
HYDRES03DEL01,33,4.1,1,11:30,11:35,31.0
MYSRES010DEL03,27,4.9,1,20:10,20:25,27.0
CHENRES15DEL01,22,4.7,1,12:20,12:30,21.0
COIMBRES02DEL01,30,4.8,1,20:20,20:35,42.0
HYDRES18DEL02,36,4.7,1,22:10,22:20,25.0
BANGRES05DEL02,30,4.2,1,10:10,10:20,28.0
SURRES09DEL01,32,4.9,1,21:15,21:20,38.0
PUNERES08DEL01,23,4.7,1,12:10,12:15,28.0
RANCHIRES13DEL01,37,5.0,3,10:25,10:30,15.0
KOLRES04DEL02,35,4.6,1,17:60,18:05,17.0
MYSRES19DEL02,27,4.6,1,18:60,19:15,20.0
MUMRES09DEL02,36,4.7,1,9:35,9:40,22.0
MYSRES010DEL03,21,4.5,1,19:40,19:50,21.0
DEHRES03DEL01,21,4.1,1,17:55,17:60,33.0
CHENRES16DEL03,30,4.6,1,23:50,23:60,19.0
CHENRES14DEL01,30,5.0,1,10:45,10:50,19.0
INDORES13DEL01,25,5.0,3,8:35,8:50,18.0
BANGRES20DEL02,25,4.0,1,19:55,20:10,36.0
INDORES09DEL03,25,4.7,3,19:35,19:40,27.0
SURRES14DEL03,37,4.7,3,19:45,19:60,27.0
COIMBRES04DEL02,0,,1,,17:40,39.0
PUNERES18DEL01,22,4.4,1,14:30,14:45,52.0
INDORES02DEL01,33,4.8,3,9:20,9:30,23.0
COIMBRES16DEL03,30,4.8,1,20:60,21:10,41.0
MYSRES13DEL02,31,4.2,1,21:50,21:60,40.0
RANCHIRES13DEL03,31,4.2,1,17:40,17:50,37.0
KOLRES06DEL01,30,4.7,1,20:40,20:50,36.0
ALHRES17DEL02,25,4.9,1,11:55,11:60,26.0
HYDRES04DEL01,32,4.6,1,9:50,10:05,28.0
MUMRES13DEL01,24,4.5,3,10:10,10:20,13.0
HYDRES13DEL01,20,4.8,1,21:25,21:30,22.0
BHPRES16DEL01,21,,1,23:35,23:50,24.0
JAPRES13DEL01,36,4.2,1,21:45,21:60,50.0
MYSRES02DEL02,35,4.0,1,17:55,18:10,32.0
RANCHIRES03DEL01,22,4.6,1,13:40,13:55,20.0
KOLRES02DEL03,31,4.5,1,20:45,20:60,26.0
COIMBRES03DEL03,27,4.9,1,18:20,18:30,19.0
COIMBRES02DEL03,25,4.7,3,18:55,19:05,12.0
PUNERES01DEL01,39,4.8,3,10:55,11:05,19.0
CHENRES04DEL02,31,4.8,1,17:15,17:30,30.0
SURRES010DEL03,21,4.6,1,22:10,22:20,17.0
SURRES15DEL02,21,4.5,1,19:50,19:60,48.0
BHPRES14DEL01,26,4.2,3,9:15,9:25,23.0
INDORES01DEL03,34,4.8,1,17:55,18:10,27.0
MYSRES18DEL01,38,4.3,1,19:50,20:05,48.0
BANGRES12DEL02,25,4.7,3,21:45,21:55,21.0
COIMBRES18DEL02,31,5.0,1,8:55,9:05,26.0
INDORES01DEL03,20,4.8,1,20:10,20:25,25.0
BHPRES16DEL02,0,,1,,18:50,38.0
MYSRES09DEL01,27,4.9,1,11:55,11:60,24.0
COIMBRES14DEL02,30,4.8,1,11:30,11:35,33.0
COIMBRES19DEL01,27,4.7,1,13:45,13:50,22.0
MUMRES06DEL03,25,4.6,3,18:50,19:05,23.0
HYDRES12DEL01,21,4.8,1,11:45,11:60,20.0
JAPRES03DEL03,35,4.9,1,21:20,21:30,44.0
BANGRES08DEL01,22,4.6,3,20:10,20:15,39.0
AGRRES20DEL01,35,4.7,1,23:30,23:35,37.0
INDORES08DEL03,22,4.6,1,19:55,19:60,27.0
GOARES05DEL03,27,4.7,3,18:35,18:50,13.0
PUNERES03DEL01,35,4.8,1,22:20,22:30,16.0
MYSRES12DEL01,27,4.9,1,11:60,12:05,28.0
LUDHRES16DEL01,36,4.1,1,15:40,15:50,32.0
PUNERES02DEL02,38,4.9,1,23:25,23:30,30.0
INDORES14DEL03,28,4.5,3,20:60,21:10,11.0
DEHRES08DEL02,33,4.3,1,20:25,20:30,41.0
AURGRES08DEL02,37,5.0,3,8:60,9:10,29.0
RANCHIRES12DEL03,39,4.8,1,19:60,20:15,27.0
RANCHIRES04DEL01,30,4.4,1,10:50,11:05,22.0
RANCHIRES08DEL02,21,4.9,3,11:10,11:15,29.0
SURRES010DEL01,23,4.7,1,17:60,18:15,32.0
MYSRES02DEL01,23,4.9,1,11:15,11:20,22.0
HYDRES04DEL03,31,4.6,1,17:35,17:50,34.0
CHENRES14DEL01,31,4.2,1,20:20,20:25,37.0
JAPRES14DEL01,36,4.7,1,14:30,14:40,21.0
MUMRES04DEL02,24,4.6,3,23:60,24:05,23.0
SURRES17DEL01,21,4.5,3,21:15,21:30,26.0
MUMRES12DEL03,39,4.6,3,20:55,20:60,28.0
GOARES18DEL01,33,4.1,1,11:45,11:50,49.0
SURRES010DEL01,27,4.8,3,13:60,14:05,24.0
RANCHIRES04DEL01,35,4.8,1,20:35,20:40,48.0
HYDRES09DEL03,24,4.9,3,22:60,23:10,17.0
MUMRES14DEL02,39,4.6,1,10:55,10:60,26.0
PUNERES19DEL01,38,4.7,1,15:20,15:30,25.0
ALHRES09DEL02,23,4.4,3,10:45,10:55,23.0
COIMBRES06DEL03,31,4.4,1,20:35,20:40,38.0
SURRES15DEL02,30,4.6,1,19:35,19:40,21.0
KNPRES18DEL02,35,5.0,1,10:10,10:25,27.0
INDORES20DEL02,23,4.6,1,23:45,23:60,26.0
COIMBRES14DEL01,24,3.2,1,23:60,24:10,44.0
CHENRES04DEL02,25,4.8,1,11:45,11:50,27.0
CHENRES09DEL02,39,4.9,4,8:45,8:60,13.0
SURRES18DEL01,25,4.6,1,23:25,23:35,22.0
CHENRES05DEL02,37,4.7,1,23:15,23:30,25.0
JAPRES15DEL01,32,4.8,1,20:30,20:45,23.0
INDORES12DEL02,30,4.7,1,8:20,8:35,19.0
ALHRES14DEL01,34,5.0,1,18:35,18:40,25.0
JAPRES04DEL02,35,4.5,3,21:50,21:55,20.0
PUNERES18DEL01,29,4.8,1,21:15,21:30,18.0
BANGRES010DEL03,32,4.6,1,22:30,22:45,23.0
KOCRES02DEL02,25,4.9,3,17:25,17:35,36.0
MUMRES11DEL02,37,4.7,1,21:15,21:20,24.0
VADRES11DEL03,20,4.8,1,23:50,23:60,21.0
COIMBRES01DEL01,20,4.1,3,19:15,19:20,42.0
GOARES010DEL02,29,5.0,1,10:35,10:50,18.0
PUNERES06DEL02,32,4.2,1,18:25,18:30,36.0
HYDRES08DEL03,27,4.6,4,21:35,21:40,14.0
SURRES08DEL01,24,2.9,1,22:20,22:25,36.0
VADRES14DEL01,30,4.6,1,13:10,13:15,29.0
HYDRES15DEL02,31,4.3,1,11:50,11:55,38.0
MYSRES02DEL03,36,4.2,1,21:45,21:50,35.0
HYDRES05DEL02,36,4.9,1,21:60,22:15,25.0
MYSRES09DEL01,36,4.8,3,22:10,22:20,17.0
MYSRES14DEL03,38,4.3,1,19:35,19:40,33.0
COIMBRES20DEL01,38,4.9,3,8:30,8:40,17.0
MUMRES13DEL01,30,4.8,1,16:10,16:20,27.0
BHPRES03DEL01,20,4.8,3,22:30,22:35,22.0
MUMRES11DEL01,24,4.1,3,10:10,10:15,24.0
RANCHIRES08DEL03,21,4.9,1,21:45,21:55,28.0
AGRRES02DEL02,25,5.0,3,19:45,19:55,15.0
INDORES16DEL01,38,4.1,3,21:10,21:15,34.0
MUMRES08DEL03,38,5.0,1,19:15,19:30,30.0
COIMBRES09DEL01,0,,1,,15:45,29.0
VADRES010DEL03,21,4.8,1,19:30,19:45,45.0
BHPRES06DEL01,25,4.9,1,23:45,23:50,14.0
VADRES18DEL01,22,4.9,1,11:15,11:25,10.0
CHENRES05DEL01,34,4.2,1,19:60,20:10,43.0
PUNERES13DEL02,24,4.6,1,23:55,24:05,21.0
CHENRES17DEL02,27,4.6,1,20:55,21:05,14.0
BHPRES13DEL01,29,4.2,1,14:10,14:20,34.0
MYSRES08DEL01,22,4.9,1,16:15,16:25,18.0
JAPRES13DEL03,23,4.5,1,21:10,21:20,21.0
CHENRES09DEL03,23,4.9,1,19:55,20:05,21.0
SURRES09DEL02,37,4.1,3,10:50,10:55,30.0
MUMRES13DEL03,27,4.0,1,22:35,22:45,28.0
BANGRES15DEL02,23,4.6,1,20:15,20:25,19.0
CHENRES05DEL01,22,4.8,1,20:45,20:60,19.0
COIMBRES04DEL02,35,4.7,1,10:10,10:15,21.0
RANCHIRES08DEL02,27,4.7,1,17:55,18:10,27.0
HYDRES15DEL01,29,4.0,1,11:20,11:25,35.0
ALHRES18DEL02,39,5.0,1,19:60,20:05,38.0
MUMRES01DEL01,22,4.8,1,9:15,9:25,15.0
KOCRES14DEL03,32,4.9,1,19:10,19:15,54.0
MUMRES010DEL02,22,4.9,1,18:40,18:55,19.0
MUMRES14DEL03,35,4.0,1,19:25,19:40,34.0
VADRES09DEL03,34,4.7,3,23:15,23:25,18.0
KOCRES01DEL02,39,4.6,1,20:50,20:60,29.0
HYDRES09DEL03,25,3.4,1,23:40,23:45,34.0
RANCHIRES11DEL01,38,4.8,4,22:10,22:20,22.0
PUNERES20DEL03,21,4.6,3,22:60,23:10,15.0
HYDRES04DEL01,30,4.7,1,19:60,20:10,35.0
CHENRES09DEL01,21,4.4,1,9:60,10:15,26.0
MYSRES16DEL02,30,4.8,1,23:50,23:60,20.0
COIMBRES17DEL03,23,4.7,1,22:60,23:10,19.0
LUDHRES08DEL03,28,4.7,3,18:30,18:40,12.0
RANCHIRES08DEL03,26,5.0,3,20:50,21:05,12.0
GOARES20DEL01,32,5.0,1,9:50,10:05,17.0
COIMBRES15DEL03,26,5.0,1,21:60,22:10,23.0
SURRES20DEL03,28,4.9,3,19:60,20:10,29.0
BANGRES17DEL03,23,4.7,3,22:25,22:30,12.0
PUNERES20DEL02,25,4.9,1,23:55,24:05,16.0
JAPRES02DEL02,27,4.2,1,18:20,18:30,35.0
HYDRES16DEL01,36,4.2,1,19:30,19:35,44.0
MUMRES01DEL01,31,4.2,1,14:30,14:45,41.0
CHENRES18DEL03,21,4.6,1,21:35,21:50,25.0
AGRRES03DEL01,23,4.4,1,14:60,15:15,34.0
MUMRES02DEL02,25,4.5,1,11:25,11:40,29.0
RANCHIRES14DEL03,38,4.9,1,19:10,19:25,29.0
CHENRES03DEL03,37,5.0,1,18:10,18:20,27.0
KOCRES07DEL03,21,4.6,3,23:20,23:30,11.0
COIMBRES20DEL02,21,4.9,1,20:60,21:10,29.0
INDORES16DEL02,21,4.9,3,10:15,10:25,11.0
PUNERES03DEL02,29,5.0,1,17:25,17:30,39.0
VADRES15DEL02,35,5.0,3,19:15,19:30,30.0
HYDRES08DEL03,28,4.8,3,17:35,17:50,14.0
INDORES08DEL02,34,4.0,1,17:45,17:60,36.0
ALHRES19DEL03,28,4.6,1,23:45,23:60,23.0
JAPRES16DEL01,31,4.7,1,13:15,13:20,29.0
SURRES08DEL02,0,,3,,10:55,17.0
CHENRES13DEL01,22,4.6,1,14:45,14:60,25.0
BHPRES15DEL02,36,5.0,1,9:30,9:35,10.0
MYSRES17DEL03,21,4.5,3,23:55,24:05,12.0
VADRES010DEL02,23,4.9,3,23:55,23:60,23.0
MUMRES08DEL03,35,4.6,1,23:30,23:35,20.0
BANGRES010DEL02,23,4.8,3,8:20,8:25,18.0
BANGRES13DEL01,20,4.6,3,12:45,12:60,22.0
VADRES16DEL01,22,4.9,1,23:15,23:25,23.0
COIMBRES04DEL02,28,4.5,1,18:55,19:10,26.0
SURRES06DEL02,23,4.5,1,21:40,21:50,23.0
BHPRES01DEL01,38,4.9,1,11:35,11:50,20.0
DEHRES06DEL03,38,4.7,1,21:20,21:35,28.0
LUDHRES15DEL03,38,4.5,1,19:25,19:35,33.0
BANGRES04DEL02,21,4.8,1,21:60,22:10,29.0
RANCHIRES05DEL03,35,4.9,1,19:30,19:35,24.0
MYSRES20DEL01,39,4.0,1,12:45,12:50,36.0
COIMBRES13DEL01,29,4.7,3,9:60,10:10,11.0
SURRES12DEL03,32,5.0,1,22:45,22:50,25.0
HYDRES06DEL01,33,3.0,3,22:35,22:45,34.0
RANCHIRES09DEL01,24,4.8,1,23:45,23:55,25.0
MUMRES20DEL02,22,4.7,1,17:50,17:60,27.0
JAPRES09DEL02,35,4.7,2,19:20,19:35,52.0
SURRES12DEL01,25,5.0,1,21:25,21:40,39.0
JAPRES05DEL01,24,4.3,1,20:50,20:55,43.0
COIMBRES18DEL01,27,4.6,1,11:15,11:20,17.0
BANGRES19DEL03,39,4.2,3,17:30,17:35,34.0
BANGRES13DEL02,38,4.7,3,18:45,18:60,22.0
CHENRES07DEL03,34,4.6,1,21:55,21:60,48.0
MUMRES07DEL01,23,4.8,1,17:30,17:35,14.0
RANCHIRES03DEL02,24,4.7,1,10:25,10:35,21.0
SURRES16DEL03,38,4.7,1,22:30,22:35,29.0
INDORES04DEL02,24,4.0,3,20:45,20:60,40.0
JAPRES11DEL03,34,5.0,1,17:30,17:45,24.0
VADRES13DEL01,29,4.8,1,14:35,14:50,33.0
HYDRES11DEL01,23,4.0,1,21:55,22:10,38.0
CHENRES20DEL01,26,4.5,3,12:45,12:55,12.0
PUNERES01DEL02,37,4.6,1,22:60,23:05,22.0
INDORES15DEL02,24,4.7,1,20:60,21:15,32.0
KOLRES12DEL03,30,4.2,1,17:30,17:45,34.0
HYDRES02DEL01,29,4.2,3,10:30,10:35,26.0
HYDRES11DEL02,27,5.0,3,8:40,8:50,21.0
AGRRES12DEL02,25,4.8,1,22:40,22:50,27.0
MUMRES06DEL02,29,4.7,3,19:25,19:40,24.0
MUMRES11DEL01,33,4.6,1,17:45,17:60,22.0
RANCHIRES06DEL03,26,4.9,1,22:55,23:05,11.0
MUMRES20DEL02,31,4.6,1,10:20,10:25,15.0
JAPRES11DEL03,21,4.7,1,19:25,19:35,12.0
MYSRES16DEL02,20,4.7,1,20:20,20:30,46.0
BANGRES09DEL02,23,4.6,1,8:45,8:60,15.0
MYSRES16DEL02,26,4.8,3,9:45,9:50,16.0
ALHRES06DEL02,30,4.6,1,9:25,9:30,23.0
PUNERES15DEL02,30,4.9,1,23:55,24:05,29.0
BANGRES18DEL01,35,3.5,1,23:50,24:05,36.0
SURRES010DEL03,34,4.0,3,18:35,18:40,34.0
CHENRES19DEL02,28,4.9,3,22:60,23:10,10.0
VADRES15DEL01,25,4.7,3,13:25,13:30,10.0
VADRES08DEL02,27,4.9,1,23:40,23:55,22.0
LUDHRES08DEL01,26,4.8,1,9:60,10:05,21.0
JAPRES08DEL03,22,4.6,1,19:30,19:35,29.0
VADRES08DEL03,35,4.9,1,20:15,20:30,28.0
PUNERES04DEL01,33,4.7,3,9:20,9:25,26.0
MUMRES12DEL01,32,4.8,1,22:35,22:50,18.0
JAPRES08DEL03,21,5.0,1,18:15,18:30,17.0
COIMBRES07DEL01,0,,1,,14:55,23.0
PUNERES05DEL01,32,4.6,1,12:25,12:40,27.0
CHENRES13DEL02,34,4.9,1,22:45,22:60,27.0
JAPRES19DEL01,22,4.8,1,21:10,21:15,30.0
BANGRES08DEL02,29,4.8,1,20:20,20:25,17.0
AURGRES06DEL03,20,5.0,1,20:15,20:30,28.0
VADRES05DEL03,35,4.6,1,22:50,22:55,21.0
AGRRES17DEL03,22,4.9,1,20:20,20:35,30.0
COIMBRES02DEL01,35,4.7,1,21:40,21:55,27.0
SURRES14DEL02,20,5.0,1,18:50,19:05,27.0
JAPRES09DEL03,25,5.0,1,20:35,20:45,29.0
INDORES18DEL02,27,4.8,1,19:40,19:50,40.0
KNPRES16DEL01,25,4.7,1,10:30,10:35,19.0
CHENRES18DEL01,34,4.9,3,16:55,17:05,26.0
INDORES20DEL01,29,4.8,4,15:60,16:10,21.0
CHENRES05DEL01,32,4.0,1,12:40,12:50,34.0
CHENRES06DEL01,25,4.7,1,18:35,18:45,27.0
SURRES19DEL01,36,4.6,3,20:35,20:50,50.0
PUNERES18DEL02,21,4.9,1,21:25,21:35,30.0
CHENRES05DEL01,36,4.2,3,17:50,18:05,36.0
PUNERES03DEL03,24,4.9,1,23:55,24:05,24.0
BANGRES15DEL03,34,4.9,1,23:10,23:15,24.0
PUNERES02DEL03,29,4.5,3,23:10,23:25,25.0
CHENRES03DEL03,31,4.5,1,21:55,21:60,25.0
INDORES03DEL01,24,4.7,1,12:20,12:30,10.0
COIMBRES06DEL02,23,4.8,1,8:55,8:60,17.0
KOCRES19DEL01,29,4.1,1,21:15,21:20,35.0
CHENRES20DEL01,33,4.6,3,14:35,14:40,23.0
CHENRES16DEL03,27,4.3,3,22:10,22:15,24.0
JAPRES05DEL03,21,4.7,3,23:25,23:30,15.0
MUMRES03DEL01,32,4.6,1,11:40,11:55,22.0
RANCHIRES13DEL01,50,6.0,1,,17:55,32.0
MYSRES010DEL02,27,4.6,1,19:40,19:45,23.0
MYSRES01DEL01,32,4.7,1,22:30,22:35,16.0
GOARES07DEL02,30,5.0,3,8:35,8:50,24.0
HYDRES20DEL01,28,4.7,1,8:10,8:25,16.0
LUDHRES15DEL01,37,5.0,1,21:25,21:30,43.0
PUNERES18DEL02,31,4.7,1,8:10,8:15,15.0
VADRES12DEL03,22,4.6,1,17:20,17:30,24.0
DEHRES01DEL01,39,4.9,1,10:55,11:05,28.0
PUNERES04DEL03,31,4.4,1,19:15,19:30,34.0
COIMBRES14DEL03,33,3.6,3,18:40,18:50,34.0
BHPRES11DEL02,29,5.0,3,18:15,18:25,32.0
CHENRES13DEL01,24,4.5,1,22:50,23:05,23.0
CHENRES010DEL01,38,4.6,1,21:25,21:30,23.0
BANGRES03DEL03,28,4.0,1,22:10,22:15,29.0
MUMRES08DEL02,35,4.5,1,18:15,18:25,28.0
GOARES09DEL01,35,4.6,1,22:15,22:20,26.0
JAPRES16DEL02,21,4.7,1,21:10,21:25,24.0
CHENRES05DEL03,20,5.0,1,23:20,23:30,18.0
MUMRES13DEL02,31,3.9,1,19:25,19:40,40.0
MYSRES18DEL03,24,4.8,1,21:35,21:45,27.0
VADRES20DEL03,38,4.8,1,22:55,22:60,23.0
VADRES20DEL01,30,5.0,1,19:50,19:60,36.0
VADRES05DEL01,21,4.8,3,13:25,13:35,16.0
CHENRES010DEL02,25,4.7,1,22:60,23:10,15.0
HYDRES16DEL01,30,4.6,1,8:60,9:15,23.0
RANCHIRES08DEL01,38,4.5,1,19:25,19:35,25.0
INDORES17DEL01,38,3.9,1,20:55,21:05,41.0
PUNERES16DEL02,34,4.7,1,19:20,19:25,30.0
RANCHIRES18DEL03,36,4.7,3,19:30,19:40,38.0
COIMBRES14DEL02,30,4.6,3,21:60,22:10,49.0
COIMBRES06DEL01,27,4.6,1,23:60,24:05,20.0
DEHRES11DEL02,21,4.5,1,21:45,21:50,24.0
BANGRES15DEL03,23,5.0,3,23:50,23:60,19.0
PUNERES09DEL02,38,3.8,1,19:40,19:55,41.0
CHENRES17DEL02,33,4.5,1,17:50,18:05,27.0
HYDRES05DEL01,28,4.8,1,9:60,10:10,18.0
CHENRES15DEL01,0,,1,13:40,13:45,32.0
MUMRES07DEL01,30,4.9,1,19:25,19:40,45.0
SURRES06DEL03,33,4.8,1,22:45,22:55,25.0
JAPRES16DEL02,28,4.8,3,20:60,21:15,15.0
MUMRES16DEL03,22,4.6,3,23:55,24:05,22.0
MUMRES08DEL03,36,4.7,1,17:30,17:45,42.0
COIMBRES14DEL02,37,4.9,1,22:50,23:05,24.0
PUNERES20DEL01,35,4.8,1,8:55,9:10,13.0
SURRES08DEL03,32,4.9,1,18:55,19:10,41.0
MUMRES17DEL03,31,4.4,1,21:30,21:35,39.0
KOLRES13DEL02,34,4.8,3,17:35,17:40,44.0
PUNERES02DEL03,38,4.5,1,20:15,20:30,30.0
INDORES03DEL02,30,4.7,3,17:25,17:35,17.0
INDORES19DEL02,34,4.9,1,18:35,18:50,33.0
HYDRES04DEL02,21,4.2,1,8:60,9:15,22.0
HYDRES08DEL03,26,4.3,3,20:35,20:45,48.0
BHPRES05DEL02,36,4.3,1,22:45,22:55,36.0
RANCHIRES03DEL01,33,4.9,1,21:35,21:45,40.0
VADRES17DEL01,24,4.5,1,14:55,15:10,28.0
RANCHIRES010DEL01,25,4.2,1,12:50,12:60,44.0
RANCHIRES19DEL01,22,4.6,3,8:45,8:60,15.0
MYSRES11DEL02,27,4.7,3,21:40,21:55,18.0
KOCRES19DEL02,26,4.3,3,8:25,8:40,17.0
JAPRES09DEL01,33,5.0,1,10:55,11:05,27.0
BANGRES010DEL01,39,4.6,1,15:45,15:55,23.0
INDORES15DEL02,25,4.3,1,17:45,17:55,35.0
COIMBRES15DEL03,22,4.9,3,19:20,19:30,15.0
COIMBRES010DEL01,28,4.9,1,19:30,19:45,12.0
SURRES04DEL02,21,4.8,1,20:45,20:50,29.0
KOLRES01DEL03,20,4.7,3,23:50,24:05,19.0
VADRES17DEL02,31,4.9,1,22:35,22:40,28.0
COIMBRES17DEL02,22,4.6,1,8:50,8:60,16.0
SURRES03DEL03,33,4.7,1,20:35,20:40,30.0
BANGRES12DEL02,30,4.2,1,18:50,18:60,35.0
CHENRES13DEL03,22,4.2,1,23:20,23:25,26.0
CHENRES05DEL02,33,4.9,1,19:50,19:60,47.0
INDORES16DEL02,38,4.9,3,11:45,11:60,38.0
CHENRES03DEL02,37,4.9,1,9:10,9:25,12.0
KNPRES07DEL03,27,4.7,1,20:35,20:50,12.0
MYSRES19DEL01,32,5.0,1,13:60,14:05,31.0
MUMRES11DEL01,35,4.6,1,21:15,21:25,45.0
KOLRES02DEL01,30,4.4,1,21:55,21:60,34.0
INDORES14DEL02,25,4.4,1,17:40,17:45,39.0
SURRES05DEL03,26,4.2,1,19:55,20:10,31.0
AGRRES15DEL02,38,4.8,3,18:10,18:25,22.0
KOCRES05DEL03,24,5.0,1,21:40,21:50,18.0
ALHRES03DEL01,26,4.9,1,8:15,8:30,22.0
AURGRES18DEL02,39,4.8,1,22:40,22:55,22.0
INDORES08DEL01,39,4.9,1,23:45,23:55,22.0
HYDRES08DEL03,22,4.5,1,19:35,19:50,27.0
BANGRES13DEL02,23,4.8,1,18:30,18:45,22.0
MYSRES05DEL01,25,4.2,1,20:10,20:25,44.0
BANGRES19DEL02,36,4.3,1,21:15,21:20,44.0
PUNERES16DEL01,30,4.0,1,11:30,11:35,31.0
INDORES17DEL03,37,4.4,1,20:30,20:35,40.0
VADRES20DEL01,33,5.0,1,18:15,18:20,31.0
RANCHIRES04DEL02,34,4.6,1,17:50,18:05,27.0
DEHRES03DEL01,29,4.6,1,16:35,16:40,21.0
MYSRES14DEL02,23,4.5,3,20:30,20:45,25.0
CHENRES14DEL02,39,4.6,3,22:35,22:40,25.0
AGRRES20DEL01,26,4.3,1,10:15,10:30,20.0
BANGRES19DEL03,25,4.9,1,23:45,23:50,17.0
JAPRES02DEL02,39,4.7,3,22:45,22:50,17.0
MUMRES04DEL02,24,4.8,1,11:35,11:40,20.0
MUMRES05DEL03,27,4.8,1,22:15,22:25,22.0
RANCHIRES07DEL02,27,4.9,3,21:10,21:25,24.0
PUNERES02DEL01,27,4.6,1,19:40,19:50,15.0
BANGRES13DEL01,38,4.3,3,19:50,20:05,36.0
JAPRES03DEL01,25,4.9,1,16:40,16:55,16.0
MUMRES19DEL01,24,5.0,1,19:35,19:40,32.0
BANGRES11DEL01,27,4.6,1,20:10,20:15,28.0
MUMRES18DEL01,35,3.7,1,23:50,24:05,37.0
VADRES20DEL02,35,3.6,1,19:45,19:50,35.0
PUNERES18DEL02,25,4.3,1,11:60,12:15,33.0
MYSRES07DEL02,39,4.9,3,21:20,21:30,36.0
RANCHIRES12DEL03,0,,1,,22:05,37.0
LUDHRES15DEL01,25,4.9,1,19:60,20:15,28.0
GOARES06DEL01,23,4.8,1,17:35,17:50,31.0
CHENRES01DEL03,36,4.8,1,22:35,22:50,26.0
CHENRES04DEL02,24,4.8,1,17:10,17:20,22.0
HYDRES07DEL01,21,4.8,3,17:35,17:45,12.0
MYSRES06DEL01,33,4.4,1,19:15,19:30,43.0
BANGRES02DEL03,37,4.8,1,19:15,19:20,21.0
BHPRES06DEL02,21,4.7,1,18:60,19:10,34.0
DEHRES16DEL02,39,4.9,1,17:20,17:30,28.0
MYSRES09DEL02,25,4.7,1,21:25,21:35,19.0
MUMRES01DEL02,22,4.5,1,21:10,21:20,17.0
JAPRES07DEL03,36,4.6,1,20:25,20:35,21.0
BANGRES19DEL03,35,4.8,1,18:25,18:40,19.0
CHENRES11DEL02,30,3.9,1,18:45,18:60,34.0
JAPRES02DEL03,24,4.8,3,17:45,17:55,13.0
HYDRES04DEL02,20,4.6,1,20:50,21:05,16.0
AGRRES02DEL01,35,4.3,1,11:25,11:40,43.0
KNPRES16DEL01,34,4.7,3,8:20,8:30,22.0
ALHRES01DEL02,34,5.0,1,23:40,23:50,15.0
HYDRES03DEL02,30,5.0,3,22:55,23:10,24.0
CHENRES13DEL02,29,4.7,3,11:40,11:50,29.0
PUNERES19DEL03,37,4.6,1,20:60,21:05,16.0
INDORES12DEL02,28,4.7,1,23:20,23:30,24.0
RANCHIRES010DEL02,20,4.6,1,19:30,19:45,29.0
PUNERES17DEL01,27,4.6,1,8:35,8:50,17.0
VADRES16DEL03,28,4.9,1,20:45,20:55,25.0
MYSRES17DEL01,22,4.9,1,10:30,10:40,19.0
MYSRES13DEL02,30,4.1,1,8:40,8:50,30.0
SURRES17DEL01,22,4.8,1,11:55,12:10,21.0
KNPRES20DEL02,0,,1,,21:20,21.0
VADRES05DEL01,24,4.6,1,23:55,24:10,17.0
VADRES14DEL01,26,4.7,3,19:10,19:25,19.0
MYSRES13DEL03,31,4.3,1,20:45,20:60,48.0
AURGRES010DEL02,35,4.3,1,21:45,21:60,35.0
COIMBRES11DEL01,23,4.9,1,10:60,11:10,19.0
PUNERES07DEL01,23,4.7,1,23:25,23:40,20.0
MUMRES11DEL01,25,4.9,1,9:55,10:10,18.0
JAPRES02DEL01,37,4.6,1,8:50,9:05,16.0
VADRES16DEL02,20,4.6,3,8:20,8:35,22.0
AURGRES19DEL03,21,4.6,1,18:50,18:60,43.0
INDORES06DEL01,21,4.7,4,23:40,23:45,20.0
JAPRES14DEL02,29,4.7,1,23:20,23:35,17.0
COIMBRES15DEL03,35,4.2,1,22:55,23:10,34.0
PUNERES09DEL01,25,4.3,3,19:30,19:40,35.0
HYDRES11DEL02,29,4.7,1,17:20,17:35,10.0
MUMRES15DEL01,25,4.7,1,11:10,11:15,16.0
COIMBRES08DEL02,29,4.7,1,19:45,19:50,24.0
HYDRES02DEL02,0,,3,,23:10,12.0
INDORES05DEL03,24,3.8,1,20:40,20:45,40.0
PUNERES02DEL02,26,4.5,3,22:35,22:40,10.0
VADRES17DEL02,20,4.3,1,19:25,19:30,44.0
SURRES08DEL01,23,4.9,4,18:30,18:45,10.0
INDORES18DEL01,38,4.2,1,14:60,15:15,40.0
SURRES03DEL01,0,,1,,18:45,29.0
HYDRES20DEL02,32,3.9,1,18:30,18:40,38.0
SURRES18DEL03,29,4.8,1,21:40,21:45,21.0
MUMRES14DEL02,29,4.6,1,8:10,8:25,22.0
HYDRES02DEL01,27,4.7,1,19:30,19:40,21.0
ALHRES18DEL03,30,4.6,1,19:25,19:40,29.0
RANCHIRES08DEL02,24,4.8,1,23:35,23:45,18.0
MYSRES15DEL01,26,4.6,1,22:10,22:15,17.0
MYSRES11DEL01,35,4.8,1,12:45,12:60,20.0
CHENRES13DEL01,30,4.8,3,12:55,13:05,28.0
RANCHIRES16DEL01,27,4.7,1,22:60,23:10,23.0
VADRES05DEL02,21,4.9,1,9:50,10:05,18.0
VADRES04DEL01,0,,3,,18:30,25.0
SURRES19DEL01,23,4.8,3,17:60,18:15,11.0
RANCHIRES18DEL02,21,4.5,3,19:20,19:35,20.0
MYSRES20DEL03,30,4.6,3,17:55,17:60,25.0
AURGRES17DEL03,32,3.6,1,23:20,23:35,38.0
VADRES18DEL03,38,4.8,1,23:25,23:30,29.0
SURRES13DEL01,39,4.2,3,11:30,11:40,39.0
COIMBRES18DEL02,32,4.1,1,21:10,21:15,34.0
SURRES05DEL01,0,,1,,8:40,18.0
RANCHIRES010DEL03,30,5.0,1,21:40,21:45,48.0
DEHRES20DEL02,36,4.7,1,20:20,20:35,29.0
MUMRES14DEL01,20,4.8,1,14:15,14:30,16.0
MYSRES03DEL01,30,3.6,1,21:60,22:15,42.0
COIMBRES20DEL02,33,4.9,2,11:55,11:60,49.0
MYSRES20DEL02,25,4.6,1,20:60,21:15,30.0
INDORES01DEL03,27,4.9,1,20:35,20:45,36.0
HYDRES04DEL03,30,5.0,3,19:50,19:55,32.0
SURRES03DEL02,27,4.8,3,23:40,23:50,18.0
PUNERES12DEL03,25,4.6,1,23:45,23:55,24.0
DEHRES08DEL01,37,4.2,1,19:50,19:55,46.0
CHENRES08DEL02,32,4.3,3,8:20,8:30,20.0
INDORES06DEL02,21,4.9,1,11:50,11:60,29.0
CHENRES010DEL01,30,4.7,1,15:20,15:35,26.0
RANCHIRES14DEL02,31,4.8,1,22:60,23:05,25.0
SURRES14DEL01,24,4.2,3,9:55,10:10,29.0
MUMRES010DEL02,39,4.8,1,10:50,11:05,19.0
KOCRES11DEL02,24,4.9,3,18:55,19:05,20.0
COIMBRES05DEL02,36,4.3,1,20:15,20:30,31.0
INDORES15DEL02,38,3.5,1,22:60,23:10,32.0
CHENRES07DEL01,32,3.5,1,17:25,17:40,33.0
MYSRES11DEL03,20,5.0,4,22:35,22:45,10.0
DEHRES08DEL02,24,4.9,3,22:20,22:30,10.0
GOARES05DEL02,24,4.2,1,19:60,20:15,34.0
BANGRES02DEL02,34,4.8,3,19:30,19:35,38.0
MYSRES09DEL02,23,4.7,1,21:25,21:35,11.0
PUNERES06DEL02,21,4.8,1,23:50,24:05,23.0
INDORES06DEL01,32,3.7,1,22:20,22:25,37.0
MUMRES20DEL03,23,4.8,3,22:35,22:40,11.0
BANGRES07DEL02,32,4.5,3,9:10,9:15,27.0
MYSRES14DEL01,37,4.9,1,19:50,20:05,27.0
VADRES16DEL02,36,4.2,1,19:20,19:25,53.0
MYSRES08DEL03,33,4.1,1,18:30,18:40,39.0
COIMBRES06DEL02,28,4.9,1,20:60,21:05,35.0
COIMBRES09DEL03,22,4.3,1,22:25,22:35,27.0
SURRES06DEL03,32,4.6,1,22:30,22:45,22.0
RANCHIRES14DEL02,25,4.5,1,17:45,17:55,15.0
JAPRES010DEL03,37,4.1,3,19:30,19:35,35.0
JAPRES15DEL01,32,4.7,3,13:45,13:60,16.0
BANGRES11DEL01,36,4.6,3,9:60,10:05,16.0
MYSRES19DEL02,25,4.6,1,21:40,21:50,20.0
MUMRES03DEL02,33,4.5,1,20:10,20:25,26.0
LUDHRES03DEL03,23,4.9,1,21:45,21:60,21.0
KOLRES06DEL02,31,4.0,1,20:10,20:25,44.0
RANCHIRES04DEL02,39,4.1,1,20:30,20:40,47.0
INDORES20DEL02,39,4.7,1,10:60,11:10,27.0
JAPRES01DEL03,36,4.8,3,18:20,18:35,18.0
KOCRES16DEL01,36,4.7,1,17:15,17:25,27.0
CHENRES02DEL01,37,4.7,3,10:50,11:05,26.0
KOLRES11DEL03,29,4.9,1,21:50,21:60,16.0
RANCHIRES01DEL01,30,4.6,3,13:60,14:15,38.0
MUMRES11DEL01,21,4.0,1,17:50,17:55,31.0
KNPRES02DEL03,30,4.6,1,23:30,23:40,26.0
RANCHIRES07DEL02,39,4.3,1,23:30,23:35,39.0
INDORES18DEL01,25,3.4,1,22:30,22:45,44.0
AGRRES06DEL01,28,4.5,3,12:45,12:60,26.0
SURRES14DEL01,39,4.5,1,17:25,17:35,34.0
MUMRES07DEL02,26,4.7,3,19:45,19:50,23.0
MUMRES18DEL02,26,4.7,1,19:40,19:50,27.0
LUDHRES20DEL02,36,4.6,1,19:40,19:55,29.0
BANGRES16DEL03,35,5.0,1,18:45,18:60,24.0
PUNERES20DEL03,32,4.5,3,23:25,23:35,31.0
BHPRES16DEL02,32,4.3,1,17:25,17:30,32.0
JAPRES17DEL01,0,,1,21:60,22:05,40.0
PUNERES08DEL03,39,4.8,1,20:40,20:50,48.0
JAPRES08DEL03,27,4.7,3,22:50,22:60,18.0
DEHRES05DEL02,38,4.5,1,21:40,21:45,25.0
COIMBRES12DEL01,39,4.5,3,21:20,21:35,26.0
HYDRES06DEL03,36,4.6,3,22:55,23:10,26.0
PUNERES16DEL01,32,4.9,3,23:35,23:50,20.0
LUDHRES06DEL03,31,4.7,1,20:40,20:55,48.0
BANGRES010DEL02,30,4.7,3,9:60,10:05,18.0
INDORES12DEL02,23,4.7,1,10:35,10:40,12.0
BANGRES05DEL02,28,4.8,1,19:50,20:05,37.0
JAPRES04DEL03,22,4.5,3,22:35,22:45,20.0
HYDRES09DEL01,39,4.6,3,13:50,13:55,23.0
MYSRES15DEL03,0,,1,,23:20,18.0
BHPRES17DEL01,38,4.7,1,11:40,11:55,30.0
BANGRES03DEL03,34,4.8,1,20:35,20:50,22.0
SURRES18DEL03,20,4.6,1,23:55,24:10,20.0
PUNERES01DEL02,38,4.6,3,18:40,18:45,22.0
DEHRES12DEL02,29,5.0,1,18:45,18:60,19.0
VADRES20DEL03,22,4.2,1,22:60,23:05,24.0
RANCHIRES04DEL02,36,4.5,1,23:15,23:30,23.0
CHENRES19DEL01,31,4.7,1,9:40,9:50,29.0
MYSRES01DEL02,23,5.0,3,21:25,21:40,24.0
COIMBRES16DEL03,31,4.7,3,20:15,20:30,25.0
CHENRES18DEL01,20,4.5,3,18:45,18:60,28.0
RANCHIRES01DEL03,39,4.9,1,18:45,18:55,18.0
HYDRES04DEL01,22,4.1,1,9:10,9:15,26.0
AGRRES13DEL01,21,4.8,1,17:15,17:25,30.0
INDORES18DEL03,30,4.5,1,19:50,19:60,30.0
MYSRES01DEL03,28,4.7,3,17:20,17:30,10.0
COIMBRES13DEL01,39,4.7,1,14:55,14:60,27.0
ALHRES07DEL03,38,4.7,1,18:10,18:15,27.0
HYDRES11DEL02,38,4.5,1,21:15,21:30,36.0
RANCHIRES04DEL01,26,4.7,1,17:60,18:10,28.0
GOARES01DEL01,0,,3,,18:50,42.0
AGRRES09DEL03,27,4.6,1,21:15,21:25,24.0
PUNERES14DEL01,30,4.8,1,11:10,11:25,27.0
RANCHIRES07DEL02,37,4.2,1,18:40,18:50,35.0
CHENRES15DEL01,37,4.4,1,21:55,21:60,47.0
SURRES19DEL02,21,4.6,1,8:25,8:40,18.0
BANGRES09DEL01,26,5.0,1,17:25,17:40,15.0
AGRRES11DEL01,38,4.7,1,22:15,22:20,28.0
INDORES07DEL03,35,4.5,3,18:15,18:30,27.0
JAPRES02DEL02,23,4.6,3,19:15,19:20,21.0
CHENRES07DEL02,21,4.6,1,23:55,23:60,23.0
JAPRES05DEL01,22,4.6,1,14:45,14:60,12.0
BANGRES05DEL01,0,,1,,9:25,17.0
JAPRES010DEL02,32,4.0,1,11:55,11:60,38.0
INDORES19DEL01,25,4.9,1,23:30,23:35,17.0
COIMBRES17DEL02,33,4.5,1,23:50,24:05,26.0
PUNERES14DEL03,30,4.6,1,22:45,22:60,30.0
VADRES08DEL01,29,4.9,1,8:50,9:05,11.0
AURGRES17DEL01,34,4.6,1,19:60,20:15,28.0
PUNERES17DEL03,20,5.0,3,18:55,19:05,13.0
KOCRES20DEL03,26,4.8,1,19:30,19:35,24.0
DEHRES02DEL01,22,4.8,1,9:40,9:45,16.0
PUNERES17DEL03,0,,3,,18:45,17.0
SURRES08DEL01,0,,1,,22:05,44.0
INDORES20DEL02,25,5.0,3,19:50,20:05,18.0
CHENRES13DEL01,34,4.2,1,8:25,8:30,34.0
PUNERES08DEL02,23,4.7,3,20:20,20:30,10.0
INDORES05DEL01,39,4.8,1,9:40,9:45,26.0
RANCHIRES08DEL03,33,4.5,1,20:45,20:50,21.0
HYDRES05DEL01,24,4.6,1,19:45,19:60,20.0
MYSRES08DEL03,30,4.1,1,22:20,22:30,26.0
HYDRES04DEL02,20,5.0,1,23:50,23:55,17.0
INDORES01DEL02,38,4.8,1,17:40,17:55,17.0
PUNERES03DEL02,31,4.7,3,21:45,21:55,25.0
JAPRES19DEL03,21,5.0,3,17:10,17:15,12.0
MYSRES03DEL01,34,4.8,3,9:50,9:55,27.0
LUDHRES09DEL01,35,4.1,1,22:60,23:05,36.0
RANCHIRES05DEL01,32,4.9,3,20:15,20:30,44.0
SURRES19DEL01,25,4.7,1,16:10,16:25,17.0
GOARES04DEL02,27,4.0,3,9:10,9:25,20.0
BHPRES17DEL02,20,4.8,1,19:10,19:25,25.0
VADRES19DEL01,35,4.2,1,8:20,8:25,26.0
CHENRES04DEL01,35,4.2,1,14:60,15:05,32.0
BHPRES11DEL01,31,4.2,3,11:30,11:45,36.0
INDORES03DEL03,25,4.5,3,18:50,19:05,16.0
MUMRES14DEL01,39,4.8,1,16:30,16:45,22.0
MUMRES20DEL03,35,4.7,1,23:60,24:15,16.0
HYDRES06DEL03,25,4.7,1,17:60,18:15,25.0
SURRES02DEL01,29,4.1,1,19:50,19:55,33.0
MYSRES06DEL01,33,4.7,1,12:10,12:20,17.0
LUDHRES03DEL01,31,5.0,1,19:45,19:55,36.0
COIMBRES03DEL03,33,4.5,1,20:20,20:25,35.0
COIMBRES16DEL01,0,,1,,15:55,33.0
PUNERES11DEL02,29,4.1,1,18:55,19:05,38.0
MUMRES13DEL01,37,4.8,3,22:25,22:30,29.0
MUMRES12DEL01,34,4.9,1,9:25,9:35,27.0
CHENRES18DEL01,0,,3,,9:40,11.0
LUDHRES05DEL02,34,4.6,1,8:60,9:05,21.0
HYDRES03DEL01,20,4.9,1,12:60,13:15,27.0
COIMBRES09DEL01,23,4.7,1,18:10,18:20,27.0
AURGRES14DEL02,21,5.0,1,23:45,23:55,20.0
BANGRES01DEL03,35,4.7,1,21:55,22:10,34.0
JAPRES04DEL03,30,4.9,3,21:35,21:50,33.0
VADRES20DEL02,24,4.9,1,23:25,23:35,21.0
HYDRES09DEL03,28,4.8,1,20:60,21:10,26.0
HYDRES14DEL01,24,4.2,1,19:45,19:60,35.0
AURGRES010DEL02,33,4.5,3,11:25,11:40,27.0
JAPRES18DEL01,31,4.6,1,19:55,20:10,39.0
MYSRES12DEL02,30,4.8,1,8:40,8:50,18.0
COIMBRES08DEL01,24,4.7,4,18:25,18:30,29.0
SURRES14DEL01,28,4.7,3,15:25,15:40,29.0
VADRES06DEL02,29,4.6,1,18:10,18:20,15.0
INDORES09DEL03,35,5.0,1,20:60,21:05,24.0
SURRES06DEL02,31,4.1,1,10:40,10:45,27.0
SURRES11DEL02,34,4.3,3,17:55,17:60,33.0
JAPRES16DEL01,30,4.9,1,22:55,22:60,29.0
HYDRES13DEL02,0,,1,,19:30,36.0
HYDRES20DEL03,31,4.6,1,21:20,21:30,27.0
AURGRES01DEL02,25,4.9,1,17:45,17:50,29.0
HYDRES17DEL03,30,4.9,1,18:25,18:40,18.0
MYSRES01DEL03,21,4.6,1,22:15,22:20,14.0
MUMRES16DEL02,34,4.1,1,21:20,21:35,39.0
HYDRES01DEL01,27,4.5,3,22:50,22:55,18.0
INDORES15DEL01,31,4.8,1,10:10,10:20,24.0
JAPRES17DEL01,29,4.8,1,21:55,22:10,37.0
RANCHIRES19DEL03,39,4.9,1,19:25,19:30,36.0
RANCHIRES19DEL01,24,4.9,1,18:15,18:30,35.0
MUMRES16DEL02,24,4.5,3,10:60,11:15,18.0
MUMRES12DEL02,32,4.7,1,23:60,24:15,19.0
SURRES20DEL03,38,4.3,1,22:10,22:20,33.0
MYSRES11DEL01,0,,1,,23:45,30.0
INDORES01DEL03,29,4.6,3,21:15,21:30,13.0
INDORES16DEL03,34,4.4,1,20:30,20:45,51.0
COIMBRES18DEL02,34,4.5,1,10:35,10:40,30.0
CHENRES04DEL02,28,4.8,1,18:15,18:25,24.0
RANCHIRES15DEL02,38,4.9,1,17:30,17:35,42.0
ALHRES13DEL01,22,4.6,1,21:30,21:40,33.0
MUMRES13DEL02,37,4.8,1,8:10,8:20,22.0
MYSRES14DEL02,30,4.2,1,18:55,18:60,36.0
BANGRES04DEL03,26,4.7,1,18:15,18:30,18.0
SURRES03DEL01,36,4.0,1,14:35,14:45,35.0
VADRES15DEL01,23,5.0,1,20:15,20:25,39.0
BHPRES16DEL03,34,4.6,1,22:30,22:45,27.0
CHENRES04DEL03,23,4.9,1,18:15,18:20,26.0
HYDRES06DEL01,39,4.7,1,18:30,18:40,43.0
KOCRES20DEL01,21,4.6,3,13:45,13:60,22.0
MUMRES19DEL03,25,4.5,1,18:10,18:25,24.0
INDORES15DEL03,21,4.7,3,19:40,19:55,11.0
GOARES06DEL03,38,4.7,3,22:40,22:50,15.0
PUNERES08DEL01,35,4.9,1,17:60,18:10,33.0
KOCRES03DEL02,37,3.6,3,21:35,21:50,33.0
SURRES13DEL01,25,4.2,1,18:60,19:15,39.0
CHENRES16DEL03,39,4.7,1,21:20,21:25,18.0
KOLRES05DEL02,22,4.8,1,8:50,9:05,19.0
AGRRES12DEL03,21,4.8,1,21:20,21:25,24.0
VADRES07DEL03,23,4.7,1,17:35,17:45,35.0
KNPRES18DEL02,27,4.7,3,23:20,23:35,18.0
MYSRES09DEL03,27,4.6,1,22:55,23:10,22.0
MUMRES06DEL03,37,4.7,1,17:60,18:05,31.0
COIMBRES05DEL01,22,4.9,4,10:55,10:60,13.0
MYSRES03DEL01,30,4.0,1,13:35,13:40,32.0
RANCHIRES09DEL03,27,4.8,1,21:15,21:25,17.0
CHENRES11DEL01,38,4.9,1,15:15,15:25,27.0
PUNERES12DEL03,35,4.2,1,20:25,20:30,35.0
BANGRES02DEL02,20,4.6,3,10:35,10:50,14.0
COIMBRES02DEL01,38,4.7,3,22:50,23:05,23.0
PUNERES17DEL02,27,5.0,1,17:55,18:05,23.0
BANGRES13DEL01,35,4.1,1,20:15,20:20,39.0
VADRES19DEL01,23,4.6,1,19:60,20:05,43.0
AURGRES08DEL02,35,4.5,3,9:15,9:20,20.0
MUMRES05DEL01,22,4.6,1,15:30,15:35,26.0
MUMRES11DEL01,22,4.7,1,15:15,15:20,19.0
COIMBRES07DEL02,21,4.9,3,20:10,20:20,20.0
RANCHIRES01DEL01,30,4.8,1,17:40,17:45,46.0
ALHRES05DEL02,26,4.8,3,20:50,20:55,23.0
COIMBRES17DEL01,34,3.5,1,21:20,21:25,40.0
HYDRES18DEL02,21,4.5,1,11:60,12:05,30.0
HYDRES07DEL02,21,4.9,1,20:60,21:05,29.0
PUNERES05DEL02,37,4.1,1,17:10,17:25,31.0
AGRRES14DEL02,29,4.7,1,11:15,11:20,24.0
RANCHIRES06DEL02,26,4.7,1,18:20,18:30,17.0
RANCHIRES17DEL01,31,4.6,1,18:10,18:20,25.0
RANCHIRES07DEL03,32,5.0,1,23:30,23:45,11.0
ALHRES13DEL02,38,4.9,1,19:40,19:50,48.0
HYDRES14DEL01,0,,3,,10:50,15.0
COIMBRES17DEL03,30,4.9,3,18:35,18:40,22.0
MUMRES06DEL02,38,4.9,3,18:35,18:45,25.0
SURRES05DEL03,26,5.0,1,23:50,23:55,17.0
PUNERES09DEL02,24,4.8,1,18:10,18:25,35.0
COIMBRES11DEL02,20,4.1,1,10:40,10:45,16.0
PUNERES20DEL02,24,4.9,1,19:35,19:40,33.0
COIMBRES14DEL01,36,4.6,1,16:35,16:40,31.0
AGRRES12DEL01,26,4.9,1,9:10,9:20,10.0
HYDRES18DEL02,0,,1,,21:15,25.0
RANCHIRES04DEL03,26,4.9,3,20:50,20:60,22.0
CHENRES14DEL01,29,4.1,1,18:25,18:35,31.0
HYDRES11DEL03,20,4.7,3,19:40,19:55,30.0
MUMRES14DEL01,20,4.8,3,19:20,19:35,21.0
JAPRES17DEL01,37,4.6,1,20:35,20:40,45.0
VADRES13DEL02,35,4.6,1,18:60,19:05,30.0
INDORES05DEL01,27,4.6,1,22:40,22:55,12.0
INDORES05DEL03,28,5.0,3,23:10,23:20,11.0
BANGRES02DEL01,27,5.0,1,12:30,12:35,27.0
MYSRES09DEL02,25,4.9,3,9:35,9:45,12.0
LUDHRES08DEL01,36,4.8,1,8:15,8:25,27.0
KNPRES11DEL03,23,4.5,1,17:35,17:45,21.0
SURRES02DEL02,29,5.0,3,19:40,19:45,34.0
COIMBRES14DEL02,32,4.7,1,17:50,17:60,32.0
INDORES15DEL03,20,4.2,1,19:40,19:55,38.0
GOARES20DEL02,21,4.9,1,20:40,20:45,13.0
PUNERES03DEL03,39,4.8,1,18:30,18:45,31.0
VADRES04DEL01,35,4.0,1,11:50,11:60,37.0
MUMRES07DEL01,37,4.3,1,14:40,14:50,36.0
CHENRES19DEL03,0,,1,,21:50,19.0
SURRES16DEL01,34,4.9,1,10:55,11:05,24.0
SURRES14DEL02,22,4.7,1,23:25,23:40,20.0
MUMRES15DEL03,37,4.3,1,19:35,19:45,31.0
HYDRES010DEL03,37,4.6,1,17:15,17:20,41.0
MYSRES12DEL02,35,4.9,1,20:35,20:40,29.0
VADRES05DEL03,26,4.6,1,23:10,23:20,16.0
INDORES05DEL03,20,4.6,3,20:40,20:55,15.0
MYSRES11DEL01,31,3.9,1,18:10,18:20,38.0
SURRES02DEL01,25,4.5,1,21:20,21:25,23.0
HYDRES20DEL03,25,4.8,1,18:10,18:15,22.0
HYDRES18DEL01,30,4.7,1,18:35,18:40,20.0
MUMRES03DEL01,22,4.8,3,11:20,11:30,15.0
COIMBRES03DEL02,24,4.6,1,18:30,18:40,26.0
MUMRES08DEL01,38,4.6,4,22:30,22:40,17.0
JAPRES16DEL02,22,4.6,3,19:60,20:15,25.0
COIMBRES15DEL02,20,4.6,1,22:35,22:50,14.0
AURGRES03DEL02,35,4.7,3,11:10,11:25,33.0
COIMBRES16DEL01,30,4.4,1,12:60,13:05,34.0
VADRES16DEL03,25,4.6,3,17:10,17:15,19.0
MYSRES05DEL01,35,4.2,1,19:10,19:25,51.0
CHENRES20DEL03,31,3.5,1,21:60,22:15,40.0
DEHRES04DEL03,29,4.8,1,19:40,19:50,20.0
KNPRES01DEL03,35,4.8,3,18:35,18:50,28.0
INDORES18DEL02,25,4.6,1,11:15,11:30,21.0
BANGRES09DEL03,34,3.7,1,23:35,23:40,33.0
MYSRES010DEL01,22,4.3,1,9:35,9:45,27.0
RANCHIRES20DEL02,20,5.0,1,10:40,10:50,22.0
ALHRES13DEL01,35,4.6,1,17:50,17:60,31.0
ALHRES18DEL02,32,4.1,3,10:60,11:15,22.0
PUNERES20DEL01,22,4.9,3,9:10,9:15,18.0
MUMRES010DEL01,22,4.7,1,17:15,17:20,30.0
CHENRES010DEL02,37,4.7,1,23:55,24:10,17.0
VADRES13DEL01,24,4.7,3,11:60,12:15,22.0
VADRES13DEL01,29,4.7,1,21:60,22:05,29.0
DEHRES17DEL01,23,4.9,1,20:10,20:25,21.0
KOCRES01DEL01,36,4.8,1,10:50,11:05,22.0
INDORES15DEL02,39,4.6,1,18:30,18:45,23.0
MYSRES06DEL02,21,4.7,1,22:35,22:45,18.0
HYDRES06DEL02,37,4.8,1,17:60,18:10,28.0
ALHRES05DEL02,20,5.0,1,20:50,20:60,14.0
CHENRES010DEL01,20,4.9,1,17:30,17:45,20.0
VADRES07DEL01,0,,3,,13:35,21.0
DEHRES06DEL02,33,4.4,1,18:40,18:45,33.0
KOLRES05DEL01,36,4.4,1,22:45,22:55,42.0
JAPRES06DEL02,25,4.7,1,20:35,20:50,44.0
AGRRES07DEL01,28,4.7,1,19:15,19:25,24.0
AGRRES19DEL01,29,4.9,1,23:30,23:45,15.0
BANGRES07DEL01,30,4.5,1,16:10,16:20,25.0
KNPRES12DEL03,34,5.0,1,23:15,23:30,25.0
HYDRES01DEL03,26,4.7,1,21:35,21:45,26.0
BANGRES12DEL01,27,4.6,1,18:20,18:25,25.0
JAPRES01DEL03,38,4.5,1,22:35,22:40,21.0
VADRES03DEL01,39,4.9,1,22:35,22:40,25.0
KOLRES17DEL02,29,4.9,1,23:10,23:15,11.0
ALHRES12DEL02,27,4.5,1,23:45,23:60,18.0
HYDRES11DEL01,38,5.0,1,15:20,15:35,31.0
INDORES19DEL02,32,4.8,1,21:35,21:45,28.0
MUMRES06DEL03,29,4.8,1,21:15,21:30,36.0
VADRES04DEL03,33,4.9,1,18:45,18:55,23.0
RANCHIRES05DEL01,24,4.9,1,21:25,21:40,42.0
COIMBRES09DEL03,38,4.0,1,23:20,23:25,27.0
CHENRES19DEL03,33,4.1,1,19:20,19:25,32.0
HYDRES18DEL03,39,4.5,1,17:25,17:40,37.0
PUNERES09DEL02,32,4.9,3,22:60,23:10,24.0
SURRES12DEL01,26,4.2,1,13:30,13:45,31.0
AGRRES11DEL01,34,4.6,1,12:50,12:60,28.0
MUMRES02DEL02,24,4.7,1,17:25,17:30,23.0
RANCHIRES19DEL03,24,5.0,1,19:10,19:25,29.0
CHENRES09DEL03,21,4.9,3,19:35,19:50,47.0
CHENRES14DEL03,22,4.6,1,19:45,19:55,47.0
HYDRES06DEL02,26,4.5,1,8:45,8:55,17.0
MYSRES06DEL03,35,4.5,1,21:10,21:15,27.0
JAPRES03DEL02,36,4.6,3,17:25,17:30,30.0
JAPRES01DEL02,29,4.7,3,21:15,21:30,23.0
INDORES02DEL03,29,4.5,1,17:10,17:20,27.0
JAPRES07DEL03,22,4.6,1,18:20,18:35,16.0
AGRRES18DEL03,24,4.8,1,18:55,18:60,13.0
MYSRES02DEL01,36,4.8,1,16:40,16:55,29.0
INDORES19DEL01,20,4.7,4,17:40,17:55,15.0
CHENRES05DEL02,28,4.8,1,8:45,8:50,21.0
BHPRES14DEL01,36,4.6,1,9:45,9:55,17.0
PUNERES15DEL01,25,4.7,1,21:30,21:35,38.0
LUDHRES02DEL02,24,5.0,1,19:30,19:40,28.0
CHENRES09DEL01,26,4.7,1,11:30,11:35,29.0
MYSRES20DEL02,31,4.8,1,19:10,19:25,27.0
INDORES14DEL01,22,4.8,1,23:60,24:05,22.0
RANCHIRES04DEL02,27,4.5,1,10:10,10:25,22.0
HYDRES16DEL01,20,4.9,1,15:15,15:30,19.0
PUNERES03DEL03,23,4.7,1,22:25,22:30,23.0
MUMRES16DEL02,38,4.1,3,22:60,23:10,21.0
JAPRES02DEL01,36,4.9,1,12:60,13:10,31.0
JAPRES09DEL01,29,4.8,1,18:20,18:30,30.0
KOLRES19DEL03,33,4.8,1,19:10,19:25,32.0
JAPRES13DEL03,29,4.9,1,18:60,19:05,29.0
COIMBRES18DEL02,26,4.9,3,18:15,18:25,28.0
COIMBRES01DEL02,22,4.8,1,10:20,10:35,18.0
SURRES20DEL01,21,4.9,1,15:40,15:45,20.0
GOARES16DEL01,20,4.9,1,22:40,22:50,11.0
PUNERES17DEL03,37,5.0,3,18:35,18:40,35.0
RANCHIRES14DEL02,21,4.6,4,22:45,22:55,17.0
AGRRES12DEL02,35,5.0,3,23:25,23:40,28.0
INDORES09DEL02,29,4.9,3,10:30,10:45,16.0
BANGRES06DEL03,29,4.9,1,20:20,20:25,21.0
SURRES010DEL02,28,5.0,1,21:55,22:10,21.0
MUMRES010DEL03,24,4.9,1,22:50,22:60,17.0
CHENRES17DEL01,28,4.7,1,8:60,9:05,17.0
JAPRES14DEL02,30,5.0,1,17:45,17:55,31.0
CHENRES07DEL02,37,4.9,1,8:15,8:20,25.0
CHENRES04DEL01,26,4.7,1,22:10,22:25,14.0
JAPRES19DEL01,30,4.2,1,13:60,14:05,32.0
VADRES06DEL01,33,4.7,1,20:30,20:35,43.0
HYDRES04DEL03,29,4.9,1,17:50,17:60,23.0
PUNERES12DEL01,31,4.6,1,12:40,12:50,25.0
HYDRES010DEL01,26,4.6,1,16:20,16:35,11.0
VADRES12DEL03,33,4.7,1,21:10,21:15,31.0
INDORES13DEL02,37,4.9,3,11:30,11:45,24.0
BANGRES18DEL02,34,4.5,1,19:45,19:50,33.0
BANGRES18DEL01,37,4.4,1,13:50,13:55,42.0
HYDRES13DEL02,28,4.9,3,10:60,11:15,19.0
RANCHIRES07DEL01,37,4.6,1,23:50,23:60,25.0
BANGRES02DEL02,20,4.7,1,17:60,18:10,14.0
ALHRES13DEL02,32,4.8,4,22:15,22:25,29.0
COIMBRES09DEL01,34,5.0,3,18:30,18:45,22.0
KNPRES04DEL03,37,4.6,1,17:50,17:60,28.0
JAPRES11DEL01,24,4.8,3,13:20,13:25,12.0
DEHRES18DEL03,26,4.9,1,20:60,21:05,36.0
